stid,name,state,lat,lon,mnet_id,timezone,precip_in,first_report,last_report,report_type,count
1774W,Cottage Hill Christian Academy,AL,30.65139,-88.21527,249,America/Chicago,0.0,2026-04-17T12:00:00Z,2026-04-18T12:00:00Z,precip_accum_since_local_midnight,142
2117W,Foley Elementary School,AL,30.40956,-87.69092,249,America/Chicago,0.0,2026-04-17T12:00:00Z,2026-04-18T12:00:00Z,precip_accum_since_local_midnight,142
AR152,KC5LIO Fairhope,AL,30.51833,-87.81717,65,America/Chicago,0.0,2026-04-17T12:02:00Z,2026-04-18T12:02:00Z,precip_accum_since_local_midnight,80
AS256,KF4IRC Mobile,AL,30.668,-88.1145,65,America/Chicago,0.0,2026-04-17T12:05:00Z,2026-04-18T12:06:00Z,precip_accum_since_local_midnight,14
AW503,KX4DU FAIRHOPE,AL,30.491,-87.87483,65,America/Chicago,0.0,2026-04-17T12:00:00Z,2026-04-18T12:00:00Z,precip_accum_since_local_midnight,288
AW575,N4SZO-7 MOBILE,AL,30.632,-88.1785,65,America/Chicago,0.0,2026-04-17T11:57:00Z,2026-04-18T11:57:00Z,precip_accum_since_local_midnight,277
BMTA1,Bay Minette FS,AL,30.8804,-87.7814,3011,America/Chicago,0.0,2026-04-17T12:00:00Z,2026-04-18T12:00:00Z,precip_accum_one_minute,1440
BONA1,BONSECOUR,AL,30.25278,-87.8125,2,America/Chicago,0.0,2026-04-17T11:50:00Z,2026-04-18T11:50:00Z,precip_accum,24
BRXA1,USCRN SITE NEAR BREWTON 3NNE,AL,31.145,-87.05167,123,America/Chicago,0.0,2026-04-17T12:00:00Z,2026-04-18T12:00:00Z,precip_accum_one_hour,24
BWMA1,MURDER CREEK AT HWY 41 and 29 AT BREWTON,AL,31.10083,-87.06889,106,America/Chicago,0.0,2026-04-17T12:00:00Z,2026-04-18T12:00:00Z,precip_accum,96
C1353,CW1353 Mobile,AL,30.60783,-88.25833,65,America/Chicago,0.0,2026-04-17T12:03:00Z,2026-04-18T12:03:00Z,precip_accum_since_local_midnight,144
COOPGREA1,GREENSBORO,AL,32.69212,-87.57603,73,America/Chicago,0.0,2026-04-17T13:00:00Z,2026-04-18T13:00:00Z,precip_accum_24_hour,1
COOPMRFA1,MILLERS FERRY L&D,AL,32.1002,-87.3982,77,America/Chicago,0.0,2026-04-17T12:00:00Z,2026-04-18T12:00:00Z,precip_accum_24_hour,1
D1458,DW1458 Foley,AL,30.404,-87.66983,65,America/Chicago,0.0,2026-04-17T12:00:00Z,2026-04-18T12:00:00Z,precip_accum_since_local_midnight,90
D2686,DW2686 Robertsdale,AL,30.5255,-87.7285,65,America/Chicago,0.0,2026-04-17T12:00:00Z,2026-04-18T12:00:00Z,precip_accum_since_local_midnight,288
D6471,DW6471 Daphne,AL,30.63016,-87.8672,65,America/Chicago,0.0,2026-04-17T12:02:00Z,2026-04-18T11:59:00Z,precip_accum_since_local_midnight,280
D9919,DW9919 Gulf Shores,AL,30.28783,-87.51133,65,America/Chicago,0.0,2026-04-17T12:00:00Z,2026-04-18T12:00:00Z,precip_accum_since_local_midnight,96
E0390,EW0390 Calvert,AL,31.14667,-87.99883,65,America/Chicago,0.0,2026-04-17T12:00:00Z,2026-04-18T11:57:00Z,precip_accum_since_local_midnight,253
E6361,EW6361 Orange Beach,AL,30.304,-87.476,65,America/Chicago,0.0,2026-04-17T12:00:00Z,2026-04-18T12:00:00Z,precip_accum_since_local_midnight,96
E7714,EW7714 Mobile,AL,30.6855,-88.27967,65,America/Chicago,0.0,2026-04-17T12:00:00Z,2026-04-18T12:00:00Z,precip_accum_since_local_midnight,204
F0177,FW0177 Thomasville,AL,31.8825,-87.7445,65,America/Chicago,0.0,2026-04-17T12:01:00Z,2026-04-18T12:01:00Z,precip_accum_since_local_midnight,96
F1728,FW1728 Butler,AL,32.08933,-88.22283,65,America/Chicago,0.0,2026-04-17T12:00:00Z,2026-04-18T12:00:00Z,precip_accum_since_local_midnight,96
F3872,FW3872 Orange Beach,AL,30.2845,-87.58183,65,America/Chicago,0.0,2026-04-17T12:00:00Z,2026-04-18T12:00:00Z,precip_accum_since_local_midnight,288
F4737,FW4737 Nokomis,AL,31.02712,-87.59266,65,America/Chicago,0.0,2026-04-17T11:59:00Z,2026-04-18T11:57:00Z,precip_accum_since_local_midnight,276
F6606,FW6606 Foley,AL,30.43121,-87.65821,65,America/Chicago,0.0,2026-04-17T12:01:00Z,2026-04-18T12:00:00Z,precip_accum_since_local_midnight,96
F9403,FW9403 Summerdale,AL,30.48733,-87.74317,65,America/Chicago,0.0,2026-04-17T11:59:00Z,2026-04-18T11:59:00Z,precip_accum_since_local_midnight,285
FRPA1,USCRN SITE NEAR FAIRHOPE 3NE,AL,30.54861,-87.87583,123,America/Chicago,0.0,2026-04-17T12:00:00Z,2026-04-18T12:00:00Z,precip_accum,24
FSHA1,FISH RIVER NEAR SILVERHILL 3W,AL,30.54528,-87.79861,106,America/Chicago,0.0,2026-04-17T12:00:00Z,2026-04-18T12:00:00Z,precip_accum,96
G1930,GW1930 CHATOM,AL,31.451,-88.19617,65,America/Chicago,0.0,2026-04-17T12:00:00Z,2026-04-18T12:00:00Z,precip_accum_since_local_midnight,96
G2037,GW2037 WILMER,AL,30.87717,-88.2595,65,America/Chicago,0.0,2026-04-17T12:02:00Z,2026-04-18T11:59:00Z,precip_accum_since_local_midnight,282
G2175,GW2175 SPANISH FORT,AL,30.66967,-87.916,65,America/Chicago,0.0,2026-04-17T12:00:00Z,2026-04-18T12:00:00Z,precip_accum_since_local_midnight,285
G2193,GW2193 GULF SHORES,AL,30.26933,-87.677,65,America/Chicago,0.0,2026-04-17T12:00:00Z,2026-04-18T12:00:00Z,precip_accum_since_local_midnight,96
G2672,GW2672 West Mobile,AL,30.6795,-88.24017,65,America/Chicago,0.0,2026-04-17T12:00:00Z,2026-04-18T12:00:00Z,precip_accum_since_local_midnight,96
G2684,GW2684 Robertsdale,AL,30.53967,-87.71467,65,America/Chicago,0.0,2026-04-17T12:00:00Z,2026-04-18T12:01:00Z,precip_accum_since_local_midnight,288
G4508,GW4508 MONROEVILLE,AL,31.46317,-87.35017,65,America/Chicago,0.01,2026-04-17T12:00:00Z,2026-04-18T12:00:00Z,precip_accum_since_local_midnight,96
G4772,GW4772 GATESWOOD,AL,30.70833,-87.54767,65,America/Chicago,0.0,2026-04-17T12:00:00Z,2026-04-18T12:00:00Z,precip_accum_since_local_midnight,96
G4878,GW4878 CITRONELLE,AL,31.0905,-88.229,65,America/Chicago,0.0,2026-04-17T12:00:00Z,2026-04-18T12:00:00Z,precip_accum_since_local_midnight,96
G5750,GW5750 FOLEY,AL,30.43483,-87.75467,65,America/Chicago,0.0,2026-04-17T11:59:00Z,2026-04-18T11:59:00Z,precip_accum_since_local_midnight,285
G6029,GW6029 FOLEY,AL,30.41333,-87.69133,65,America/Chicago,0.0,2026-04-17T11:59:00Z,2026-04-18T11:58:00Z,precip_accum_since_local_midnight,285
GHAA1,GROVE HILL,AL,31.69069,-87.76058,2,America/Chicago,0.0,2026-04-17T12:26:00Z,2026-04-18T12:26:00Z,precip_accum,24
K1R8,Bay Minette Municipal Airport,AL,30.87033,-87.81933,1,America/Chicago,0.0,2026-04-17T11:50:00Z,2026-04-18T12:00:00Z,precip_accum_one_hour,60
KBFM,"Mobile, Mobile Downtown Airport",AL,30.61389,-88.06333,1,America/Chicago,0.0,2026-04-17T11:53:00Z,2026-04-18T11:53:00Z,precip_accum_one_hour,25
KCQF,Sonny Callahan Airport,AL,30.461,-87.877,1,America/Chicago,0.0,2026-04-17T11:55:00Z,2026-04-18T12:15:00Z,precip_accum_one_hour,69
KGZH,"Evergreen, Middleton Field",AL,31.41889,-87.04806,1,America/Chicago,0.0,2026-04-17T12:04:00Z,2026-04-18T11:53:00Z,precip_accum_one_hour,38
KJKA,Jack Edwards Airport,AL,30.2896,-87.6718,1,America/Chicago,0.0,2026-04-17T11:56:00Z,2026-04-18T11:55:00Z,precip_accum_one_hour,41
KMOB,"Mobile, Mobile Regional Airport",AL,30.68833,-88.24556,1,America/Chicago,0.0,2026-04-17T11:56:00Z,2026-04-18T11:56:00Z,precip_accum_one_hour,24
KOPA1,KOPTIS FARMS,AL,30.5238,-87.69797,29,America/Chicago,0.0,2026-04-17T12:00:00Z,2026-04-18T12:00:00Z,precip_accum_one_hour,24
LVSA1,LIVINGSTON-UWA,AL,32.608,-88.19743,29,America/Chicago,0.0,2026-04-17T12:00:00Z,2026-04-18T12:00:00Z,precip_accum_one_hour,24
MAJA1,USCRN SITE AT MERION JUNCTION NEAR SELMA 13WNW,AL,32.45667,-87.24222,123,America/Chicago,0.0,2026-04-17T12:00:00Z,2026-04-18T12:00:00Z,precip_accum,24
MRFA1,ALABAMA RIVER AT MILLERS FERRY LOCK & DAM NEAR CAMDEN 10NW,AL,32.1,-87.39778,106,America/Chicago,0.0,2026-04-17T12:00:00Z,2026-04-18T12:00:00Z,precip_accum,88
MVSA1,Mt. Vernon,AL,31.0905,-87.9987,3011,America/Chicago,0.0,2026-04-17T12:00:00Z,2026-04-18T12:00:00Z,precip_accum_one_minute,1440
OFAM6,YOCKANOOKANY RIVER NEAR OFAHOMA 2SE,AL,32.18333,-88.17,106,America/Chicago,0.0,2026-04-17T12:00:00Z,2026-04-18T11:45:00Z,precip_accum,78
PRDA1,PERDIDO RIV FARMS,AL,31.10923,-87.55277,29,America/Chicago,0.0,2026-04-17T12:00:00Z,2026-04-18T12:00:00Z,precip_accum_one_hour,24
TOXA1,USRCRN SITE NEAR THOMASVILLE 2S,AL,31.93139,-87.73667,123,America/Chicago,0.0,2026-04-17T12:00:00Z,2026-04-18T12:00:00Z,precip_accum_one_hour,24
USA1,USA West,AL,30.6944,-88.1944,3011,America/Chicago,0.0,2026-04-17T12:00:00Z,2026-04-18T12:00:00Z,precip_accum_one_minute,1440
USA10,Foley,AL,30.3699,-87.6456,3011,America/Chicago,0.0,2026-04-17T12:00:00Z,2026-04-18T12:00:00Z,precip_accum_one_minute,1440
USA11,Loxley,AL,30.6403,-87.7315,3011,America/Chicago,0.0,2026-04-17T12:00:00Z,2026-04-18T12:00:00Z,precip_accum_one_minute,1440
USA12,Gasque,AL,30.2387,-87.854,3011,America/Chicago,0.0,2026-04-17T12:00:00Z,2026-04-18T12:00:00Z,precip_accum_one_minute,1440
USA20,Castleberry,AL,31.2958,-87.0313,3011,America/Chicago,0.0,2026-04-17T12:00:00Z,2026-04-18T12:00:00Z,precip_accum_one_minute,1440
USA24,Poarch Creek,AL,31.0921,-87.5435,3011,America/Chicago,0.0,2026-04-17T12:00:00Z,2026-04-18T12:00:00Z,precip_accum_one_minute,1440
USA3,Grand Bay,AL,30.5065,-88.368,3011,America/Chicago,0.0,2026-04-17T12:00:00Z,2026-04-18T12:00:00Z,precip_accum_one_minute,1440
USA5,Saraland,AL,30.8302,-88.0658,3011,America/Chicago,0.0,2026-04-17T12:00:00Z,2026-04-18T12:00:00Z,precip_accum_one_minute,1440
USA7,Robertsdale,AL,30.584,-87.7301,3011,America/Chicago,0.0,2026-04-17T12:00:00Z,2026-04-18T12:00:00Z,precip_accum_one_minute,1440
USA8,Elberta,AL,30.4113,-87.585,3011,America/Chicago,0.0,2026-04-17T12:00:00Z,2026-04-18T12:00:00Z,precip_accum_one_minute,1440
USA9,Fairhope,AL,30.5412,-87.8819,3011,America/Chicago,0.0,2026-04-17T12:00:00Z,2026-04-18T12:00:00Z,precip_accum_one_minute,1440
WKXA1,NERRS METEOROLOGICAL SITE AT WEEKS BAY IN FAIRHOPE,AL,30.41611,-87.82611,188,America/Chicago,0.0,2026-04-17T12:00:00Z,2026-04-18T12:00:00Z,precip_accum_one_hour,24
YLBA1,Bayou La Batre,AL,30.3956,-88.2478,3011,America/Chicago,0.0,2026-04-17T12:00:00Z,2026-04-18T12:00:00Z,precip_accum_one_minute,1440
0172W,UWF Pace Library,FL,30.55007,-87.2173,249,America/Chicago,0.0,2026-04-17T12:00:00Z,2026-04-18T12:00:00Z,precip_accum_since_local_midnight,143
0325W,Woodlawn Beach Middle School,FL,30.39198,-87.00908,249,America/Chicago,0.0,2026-04-17T12:00:00Z,2026-04-18T12:00:00Z,precip_accum_since_local_midnight,143
0327W,Gulf Breeze High School,FL,30.35847,-87.16718,249,America/Chicago,0.0,2026-04-17T12:00:00Z,2026-04-18T12:00:00Z,precip_accum_since_local_midnight,143
0900W,Jay High School,FL,30.94114,-87.15685,249,America/Chicago,0.0,2026-04-17T12:00:00Z,2026-04-18T12:00:00Z,precip_accum_since_local_midnight,143
0902W,Milton High School,FL,30.63261,-87.04482,249,America/Chicago,0.0,2026-04-17T12:00:00Z,2026-04-18T12:00:00Z,precip_accum_since_local_midnight,143
0904W,Pace High School,FL,30.61265,-87.15355,249,America/Chicago,0.0,2026-04-17T12:00:00Z,2026-04-18T12:00:00Z,precip_accum_since_local_midnight,143
1089W,Chumuckla Elementary School,FL,30.77925,-87.22295,249,America/Chicago,0.0,2026-04-17T12:00:00Z,2026-04-18T12:00:00Z,precip_accum_since_local_midnight,143
1196W,Escambia High School,FL,30.42699,-87.2996,249,America/Chicago,0.0,2026-04-17T12:00:00Z,2026-04-18T12:00:00Z,precip_accum_since_local_midnight,143
1199W,Pensacola High School,FL,30.43479,-87.22465,249,America/Chicago,0.0,2026-04-17T12:00:00Z,2026-04-18T12:00:00Z,precip_accum_since_local_midnight,143
1201W,Booker T. Washington High School,FL,30.48424,-87.21184,249,America/Chicago,0.0,2026-04-17T12:00:00Z,2026-04-18T12:00:00Z,precip_accum_since_local_midnight,143
1203W,Pine Forest High School,FL,30.48807,-87.29538,249,America/Chicago,0.0,2026-04-17T12:00:00Z,2026-04-18T12:00:00Z,precip_accum_since_local_midnight,143
1206W,Tate High School,FL,30.57754,-87.30088,249,America/Chicago,0.0,2026-04-17T12:00:00Z,2026-04-18T12:00:00Z,precip_accum_since_local_midnight,143
1208W,Northview High School,FL,30.96756,-87.40608,249,America/Chicago,0.0,2026-04-17T12:00:00Z,2026-04-18T12:00:00Z,precip_accum_since_local_midnight,143
1213W,Pace Fire Rescue Station 4,FL,30.69987,-87.18477,249,America/Chicago,0.0,2026-04-17T12:00:00Z,2026-04-18T12:00:00Z,precip_accum_since_local_midnight,82
1479W,FSWN Santa Rosa Allentown,FL,30.78287,-87.09209,249,America/Chicago,0.0,2026-04-17T12:00:00Z,2026-04-18T12:00:00Z,precip_accum_since_local_midnight,143
1584W,Central School,FL,30.76544,-87.07391,249,America/Chicago,0.0,2026-04-17T12:00:00Z,2026-04-18T12:00:00Z,precip_accum_since_local_midnight,143
1602W,UWF Sports Complex,FL,30.54068,-87.20447,249,America/Chicago,0.0,2026-04-17T12:00:00Z,2026-04-18T12:00:00Z,precip_accum_since_local_midnight,143
1683W,FSWN Escambia Century Fire Station,FL,30.9558,-87.27981,249,America/Chicago,0.0,2026-04-17T12:00:00Z,2026-04-18T12:00:00Z,precip_accum_since_local_midnight,143
1684W,FSWN Escambia Beulah Fire Station,FL,30.5363,-87.39425,249,America/Chicago,0.0,2026-04-17T12:00:00Z,2026-04-18T12:00:00Z,precip_accum_since_local_midnight,143
1687W,FSWN Escambia Walnut Hill,FL,30.89988,-87.47842,249,America/Chicago,0.0,2026-04-17T12:00:00Z,2026-04-18T12:00:00Z,precip_accum_since_local_midnight,143
1697W,FSWN Escambia Pensacola Beach,FL,30.33823,-87.11521,249,America/Chicago,0.0,2026-04-17T12:00:00Z,2026-04-18T12:00:00Z,precip_accum_since_local_midnight,143
1894W,FSWN Escambia Molino,FL,30.71569,-87.34388,249,America/Chicago,0.0,2026-04-17T12:00:00Z,2026-04-18T12:00:00Z,precip_accum_since_local_midnight,143
1896W,FSWN Escambia Perdido Key,FL,30.29158,-87.46896,249,America/Chicago,0.0,2026-04-17T12:00:00Z,2026-04-18T12:00:00Z,precip_accum_since_local_midnight,143
2057W,FSWN Santa Rosa EOC,FL,30.59828,-87.07002,249,America/Chicago,0.0,2026-04-17T12:00:00Z,2026-04-18T12:00:00Z,precip_accum_since_local_midnight,143
2216W,UWF Rec Plex North,FL,30.54595,-87.21278,249,America/Chicago,0.03,2026-04-17T12:00:00Z,2026-04-18T12:00:00Z,precip_accum_since_local_midnight,143
AV775,KJ4EWA Milton,FL,30.65283,-87.1195,65,America/Chicago,0.0,2026-04-17T11:58:00Z,2026-04-18T11:58:00Z,precip_accum_since_local_midnight,285
AW025,KF5WKW CANTONMENT,FL,30.54533,-87.33683,65,America/Chicago,0.0,2026-04-17T11:55:00Z,2026-04-18T11:55:00Z,precip_accum_since_local_midnight,144
AX128,KN4CGX PENSACOLA,FL,30.5175,-87.36583,65,America/Chicago,0.0,2026-04-17T12:00:00Z,2026-04-18T12:00:00Z,precip_accum_since_local_midnight,96
C9352,CW9352 Pensacola,FL,30.33417,-87.355,65,America/Chicago,0.0,2026-04-17T12:00:00Z,2026-04-18T12:00:00Z,precip_accum_since_local_midnight,143
D4135,DW4135 Milton,FL,30.66033,-87.04733,65,America/Chicago,0.0,2026-04-17T11:58:00Z,2026-04-18T11:59:00Z,precip_accum_since_local_midnight,224
D7066,DW7066 Pensacola,FL,30.46217,-87.19167,65,America/Chicago,0.0,2026-04-17T12:00:00Z,2026-04-18T12:00:00Z,precip_accum_since_local_midnight,1173
D8180,DW8180 Pace,FL,30.58917,-87.15283,65,America/Chicago,0.0,2026-04-17T12:00:00Z,2026-04-18T12:00:00Z,precip_accum_since_local_midnight,242
E1896,EW1896 Jay,FL,30.94917,-87.13217,65,America/Chicago,0.0,2026-04-17T12:00:00Z,2026-04-18T12:00:00Z,precip_accum_since_local_midnight,96
E4624,EW4624 Pensacola,FL,30.30633,-87.42333,65,America/Chicago,0.0,2026-04-17T12:00:00Z,2026-04-18T12:00:00Z,precip_accum_since_local_midnight,96
E8557,EW8557 Walnut Hill,FL,30.87983,-87.5005,65,America/Chicago,0.0,2026-04-17T12:01:00Z,2026-04-18T12:00:00Z,precip_accum_since_local_midnight,97
F7996,FW7996 Perdido Key,FL,30.327,-87.36833,65,America/Chicago,0.0,2026-04-17T12:00:00Z,2026-04-18T12:00:00Z,precip_accum_since_local_midnight,143
F9380,FW9380 Gulf Breeze,FL,30.361,-87.191,65,America/Chicago,0.0,2026-04-17T12:01:00Z,2026-04-18T12:01:00Z,precip_accum_since_local_midnight,285
G0489,GW0489 Pensacola,FL,30.31467,-87.47833,65,America/Chicago,0.0,2026-04-17T12:01:00Z,2026-04-18T12:00:00Z,precip_accum_since_local_midnight,96
G0933,GW0933 Pensacola,FL,30.26633,-87.26533,65,America/Chicago,0.0,2026-04-17T12:01:00Z,2026-04-18T12:01:00Z,precip_accum_since_local_midnight,333
G4271,GW4271 GULF BREEZE,FL,30.38633,-87.05217,65,America/Chicago,0.0,2026-04-17T12:00:00Z,2026-04-18T12:00:00Z,precip_accum_since_local_midnight,285
G6990,GW6990 PACE,FL,30.657,-87.14667,65,America/Chicago,0.0,2026-04-17T11:59:00Z,2026-04-18T11:59:00Z,precip_accum_since_local_midnight,285
G7241,GW7241 PENSACOLA,FL,30.42783,-87.19417,65,America/Chicago,0.0,2026-04-17T11:59:00Z,2026-04-18T11:59:00Z,precip_accum_since_local_midnight,285
JAYF1,Jay,FL,30.77516,-87.14015,60,America/Chicago,0.0,2026-04-17T12:00:00Z,2026-04-18T12:00:00Z,precip_accum_fifteen_minute,96
KNDZ,"Milton, Whiting Field South",FL,30.69722,-87.02,1,America/Chicago,0.0,2026-04-17T11:56:00Z,2026-04-18T11:56:00Z,precip_accum_one_hour,24
KNPA,Pensacola Naval Air Station,FL,30.35641,-87.32326,1,America/Chicago,0.0,2026-04-17T11:56:00Z,2026-04-18T11:56:00Z,precip_accum_one_hour,24
KNSE,Milton - Whiting Field Naval Air Station North,FL,30.72848,-87.02192,1,America/Chicago,0.0,2026-04-17T11:56:00Z,2026-04-18T11:56:00Z,precip_accum_one_hour,21
KPNS,Pensacola - Pensacola International Airport,FL,30.47806,-87.18694,1,America/Chicago,0.0,2026-04-17T11:53:00Z,2026-04-18T11:53:00Z,precip_accum_one_hour,24
MNOF1,ESCAMBIA RIVER NEAR MOLINO 6SE,FL,30.67,-87.26694,106,America/Chicago,0.0,2026-04-17T12:00:00Z,2026-04-18T12:00:00Z,precip_accum,79
NLOF1,NAVAL LIVE OAKS,FL,30.36639,-87.1375,2,America/Chicago,0.0,2026-04-17T12:22:00Z,2026-04-18T12:22:00Z,precip_accum,24
SSGSP,Floridatown Park,FL,30.58079,-87.16163,248,America/Chicago,0.0,2026-04-17T11:57:00Z,2026-04-18T12:02:00Z,precip_accum_since_local_midnight,288
SSLYH,Davenport Bayou,FL,30.38129,-87.27328,248,America/Chicago,0.0,2026-04-17T11:58:00Z,2026-04-18T11:58:00Z,precip_accum_since_local_midnight,287
USA23,Jay,FL,30.9484,-87.1706,3011,America/Chicago,0.0,2026-04-17T12:00:00Z,2026-04-18T12:00:00Z,precip_accum_one_minute,1440
1311W,Tiger Stadium,LA,30.41192,-91.18376,249,America/Chicago,0.0,2026-04-17T12:00:00Z,2026-04-18T12:00:00Z,precip_accum_since_local_midnight,143
1313W,Alex Box Stadium,LA,30.40666,-91.1875,249,America/Chicago,0.0,2026-04-17T12:00:00Z,2026-04-18T12:00:00Z,precip_accum_since_local_midnight,143
1815W,New Orleans City Hall - Central Business District,LA,29.95203,-90.07713,249,America/Chicago,0.0,2026-04-17T12:00:00Z,2026-04-18T12:00:00Z,precip_accum_since_local_midnight,142
1818W,SWBNO East Bank Water Treatment - Lower 9th Ward,LA,29.97728,-89.99746,249,America/Chicago,0.0,2026-04-17T12:00:00Z,2026-04-18T12:00:00Z,precip_accum_since_local_midnight,142
1819W,Loyola University New Orleans - Uptown/Audubon,LA,29.93707,-90.11992,249,America/Chicago,0.0,2026-04-17T12:00:00Z,2026-04-18T12:00:00Z,precip_accum_since_local_midnight,142
1822W,SWBNO Pumping Station - Little Woods,LA,30.05864,-89.96675,249,America/Chicago,0.0,2026-04-17T12:00:00Z,2026-04-18T12:00:00Z,precip_accum_since_local_midnight,142
1824W,SWBNO West Bank Water Treatment - English Turn,LA,29.90704,-89.96619,249,America/Chicago,0.0,2026-04-17T12:00:00Z,2026-04-18T12:10:00Z,precip_accum_since_local_midnight,121
1825W,NOFD Engine 31 - Venetian Isles,LA,30.0654,-89.81363,249,America/Chicago,0.0,2026-04-17T12:00:00Z,2026-04-18T12:00:00Z,precip_accum_since_local_midnight,142
1826W,SWBNO East Bank Water Intake- Carrollton Bend,LA,29.95499,-90.13982,249,America/Chicago,0.0,2026-04-17T12:00:00Z,2026-04-18T12:00:00Z,precip_accum_since_local_midnight,143
1871W,NOFD Engine 36 - New Orleans East,LA,30.02735,-89.96878,249,America/Chicago,0.0,2026-04-17T12:00:00Z,2026-04-18T12:00:00Z,precip_accum_since_local_midnight,142
1873W,NORDC Morris F.X. Jeff - Sr. Park - Algiers,LA,29.94202,-90.02991,249,America/Chicago,0.0,2026-04-17T12:00:00Z,2026-04-18T12:00:00Z,precip_accum_since_local_midnight,142
1875W,NOFD Engine 27 - Seventh Ward/St.Roch,LA,29.97951,-90.05844,249,America/Chicago,0.0,2026-04-17T12:00:00Z,2026-04-18T12:00:00Z,precip_accum_since_local_midnight,142
1878W,NOPD Stables - City Park,LA,30.00485,-90.09718,249,America/Chicago,0.0,2026-04-17T12:00:00Z,2026-04-18T12:00:00Z,precip_accum_since_local_midnight,140
1881W,NOFD Engine 16 - Central City,LA,29.94131,-90.08049,249,America/Chicago,0.0,2026-04-17T12:00:00Z,2026-04-18T12:00:00Z,precip_accum_since_local_midnight,143
1884W,St. Charles Parish EOC,LA,29.96418,-90.40399,249,America/Chicago,0.0,2026-04-17T12:00:00Z,2026-04-18T12:00:00Z,precip_accum_since_local_midnight,142
1885W,NOFD Rescue Squad 7 - Treme,LA,29.96268,-90.07154,249,America/Chicago,0.0,2026-04-17T12:00:00Z,2026-04-18T12:00:00Z,precip_accum_since_local_midnight,142
1887W,NOFD Logistics - Navarre,LA,29.98489,-90.10899,249,America/Chicago,0.0,2026-04-17T12:00:00Z,2026-04-18T12:00:00Z,precip_accum_since_local_midnight,142
1890W,Municipal Yacht Harbor - Lakefront,LA,30.02836,-90.11563,249,America/Chicago,0.0,2026-04-17T12:00:00Z,2026-04-18T12:00:00Z,precip_accum_since_local_midnight,142
1968W,Port NOLA Maintenance- Uptown/West Riverside,LA,29.91441,-90.11443,249,America/Chicago,0.0,2026-04-17T12:00:00Z,2026-04-18T12:00:00Z,precip_accum_since_local_midnight,142
1970W,Port NOLA Administration - Warehouse District/Riverwalk,LA,29.9371,-90.06144,249,America/Chicago,0.0,2026-04-17T12:00:00Z,2026-04-18T12:00:00Z,precip_accum_since_local_midnight,142
1972W,Harbor Police Headquarters - Irish Channel,LA,29.92063,-90.07651,249,America/Chicago,0.0,2026-04-17T12:00:00Z,2026-04-18T12:00:00Z,precip_accum_since_local_midnight,142
1975W,NOFD Engine 12 - Gentilly/Milneburg,LA,30.01622,-90.05172,249,America/Chicago,0.0,2026-04-17T12:00:00Z,2026-04-18T12:00:00Z,precip_accum_since_local_midnight,142
2016W,Killona Volunteer Fire Department,LA,30.00142,-90.48636,249,America/Chicago,0.0,2026-04-17T12:00:00Z,2026-04-18T12:00:00Z,precip_accum_since_local_midnight,142
2020W,Willowridge Pump Station Luling,LA,29.88464,-90.34422,249,America/Chicago,0.0,2026-04-17T12:00:00Z,2026-04-18T12:00:00Z,precip_accum_since_local_midnight,142
2156W,Addis VFW Hall,LA,30.35007,-91.26724,249,America/Chicago,0.0,2026-04-17T12:00:00Z,2026-04-18T12:00:00Z,precip_accum_since_local_midnight,142
2158W,Brusly Police Department,LA,30.38593,-91.24429,249,America/Chicago,0.0,2026-04-17T12:00:00Z,2026-04-18T12:00:00Z,precip_accum_since_local_midnight,142
2161W,Erwinville Community Center,LA,30.54203,-91.36364,249,America/Chicago,0.0,2026-04-17T12:00:00Z,2026-04-18T12:00:00Z,precip_accum_since_local_midnight,142
2162W,Homeland Security & 911 Center,LA,30.43095,-91.2039,249,America/Chicago,0.0,2026-04-17T12:00:00Z,2026-04-18T12:00:00Z,precip_accum_since_local_midnight,142
2166W,Port Allen,LA,30.49915,-91.21744,249,America/Chicago,0.0,2026-04-17T12:00:00Z,2026-04-18T12:00:00Z,precip_accum_since_local_midnight,142
2242W,NOFD Engine 4 - Pines Village,LA,30.02271,-90.02339,249,America/Chicago,0.0,2026-04-17T12:00:00Z,2026-04-18T12:00:00Z,precip_accum_since_local_midnight,143
2245W,City Equipment Maintenance - Desire,LA,29.99992,-90.03133,249,America/Chicago,0.0,2026-04-17T12:00:00Z,2026-04-18T12:00:00Z,precip_accum_since_local_midnight,142
2248W,Regional Transit Authority - Mid City,LA,29.9672,-90.08893,249,America/Chicago,0.0,2026-04-17T12:00:00Z,2026-04-18T12:00:00Z,precip_accum_since_local_midnight,142
2280W,SWBNO Pumping Station Bayou Sauvage,LA,30.02977,-89.86796,249,America/Chicago,0.0,2026-04-17T12:00:00Z,2026-04-18T12:00:00Z,precip_accum_since_local_midnight,142
2281W,NORDC Norman Playground - Old Aurora,LA,29.91992,-89.9982,249,America/Chicago,0.0,2026-04-17T12:00:00Z,2026-04-18T12:00:00Z,precip_accum_since_local_midnight,142
ABKL1,BAYOU MANCHAC AT ALLIGATOR BAYOU NEAR PRAIRIEVILLE 3WNW,LA,30.32139,-91.02083,106,America/Chicago,0.0,2026-04-17T12:00:00Z,2026-04-18T12:00:00Z,precip_accum,96
AFRL1,SANDY CREEK AT ALPHONSE FORBES RD NEAR GREENWELL SPRINGS 3NNE,LA,30.62111,-90.98222,106,America/Chicago,0.0,2026-04-17T12:00:00Z,2026-04-18T12:00:00Z,precip_accum,96
AMIL1,TANGIPAHOA RIVER NEAR AMITE 2ENE,LA,30.72889,-90.48417,106,America/Chicago,0.0,2026-04-17T12:00:00Z,2026-04-18T12:00:00Z,precip_accum,96
AR588,KD5MWL-2 Monroe,LA,32.54467,-92.00417,65,America/Chicago,0.0,2026-04-17T12:00:00Z,2026-04-18T12:00:00Z,precip_accum_since_local_midnight,288
ARDL1,AMITE RIVER DIVERSION SOUTH OF WHITEHALL,LA,30.22667,-90.68806,106,America/Chicago,0.0,2026-04-17T12:00:00Z,2026-04-18T12:00:00Z,precip_accum,96
ARNL1,BAYOU TECHE AT ARNAUDVILLE,LA,30.39722,-91.93056,106,America/Chicago,0.0,2026-04-17T12:00:00Z,2026-04-18T12:00:00Z,precip_accum,96
AS718,N5PRN Jena,LA,31.702,-92.1187,65,America/Chicago,0.0,2026-04-17T11:58:00Z,2026-04-18T11:59:00Z,precip_accum_since_local_midnight,285
ASBL1,ABITA RIVER NORTH OF ABITA SPRINGS,LA,30.48194,-90.03889,106,America/Chicago,0.07,2026-04-17T12:00:00Z,2026-04-18T12:00:00Z,precip_accum,81
AT261,KE5JZM-1 Lutcher,LA,30.04367,-90.69933,65,America/Chicago,0.0,2026-04-17T12:00:00Z,2026-04-18T12:00:00Z,precip_accum_since_local_midnight,1310
AT845,K0CPM-2 KATY,LA,29.9645,-90.14627,65,America/Chicago,0.0,2026-04-17T12:00:00Z,2026-04-18T12:00:00Z,precip_accum_since_local_midnight,96
AU112,KA5ZCI Laplace,LA,30.06017,-90.44817,65,America/Chicago,0.0,2026-04-17T12:00:00Z,2026-04-18T12:00:00Z,precip_accum_since_local_midnight,234
AV521,W5IC East Baton Rouge Parish      LA US,LA,30.404,-91.08467,65,America/Chicago,0.0,2026-04-17T12:03:00Z,2026-04-18T12:01:00Z,precip_accum_since_local_midnight,268
AV585,WI5ARD Bush,LA,30.60083,-89.96933,65,America/Chicago,0.0,2026-04-17T12:00:00Z,2026-04-18T12:00:00Z,precip_accum_since_local_midnight,288
AV683,KG5WBN New Orleans,LA,29.954,-90.12617,65,America/Chicago,0.0,2026-04-17T11:59:00Z,2026-04-18T11:59:00Z,precip_accum_since_local_midnight,285
AW123,N0KWA TALISHEEK,LA,30.53217,-89.874,65,America/Chicago,0.0,2026-04-17T12:00:00Z,2026-04-18T12:00:00Z,precip_accum_since_local_midnight,285
AW259,N5YHM-13 ABITA SPRINGS,LA,30.471,-90.043,65,America/Chicago,0.0,2026-04-17T12:01:00Z,2026-04-18T12:01:00Z,precip_accum_since_local_midnight,285
AX182,KD5VOO BATON ROUGE,LA,30.51533,-91.0635,65,America/Chicago,0.0,2026-04-17T12:01:00Z,2026-04-18T12:01:00Z,precip_accum_since_local_midnight,285
AX220,KI5MVM METAIRIE,LA,30.02833,-90.21383,65,America/Chicago,0.0,2026-04-17T12:01:00Z,2026-04-18T12:01:00Z,precip_accum_since_local_midnight,285
BAKL1,COMITE RIVER NEAR BAKER 4E,LA,30.59611,-91.09417,106,America/Chicago,0.0,2026-04-17T12:00:00Z,2026-04-18T12:00:00Z,precip_accum,96
BBGL1,BLACK BAYOU NEAR GONZALES 3NE,LA,30.23722,-90.87,106,America/Chicago,0.0,2026-04-17T12:00:00Z,2026-04-18T12:00:00Z,precip_accum,96
BBNL1,BIG BRANCH NWR,LA,30.32167,-89.93528,2,America/Chicago,0.0,2026-04-17T11:47:00Z,2026-04-18T11:47:00Z,precip_accum,24
BBRL1,BAYOU FOUNTAIN AT BLUEBONNET ROAD NEAR BATON ROUGE 7SSE,LA,30.35833,-91.10806,106,America/Chicago,0.0,2026-04-17T12:00:00Z,2026-04-18T12:00:00Z,precip_accum,96
BBWL1,BEAVER BAYOU AT WAX ROAD NEAR GREENWELL SPRINGS 2SW,LA,30.54278,-91.02056,106,America/Chicago,0.0,2026-04-17T12:00:00Z,2026-04-18T12:00:00Z,precip_accum,96
BDIL1,BAYOU DES CANNES WEST OF IOTA,LA,30.33278,-92.54278,106,America/Chicago,0.0,2026-04-17T12:00:00Z,2026-04-18T12:00:00Z,precip_accum,96
BENL1,CATAHOULA,LA,31.50211,-92.46131,2,America/Chicago,0.0,2026-04-17T11:43:00Z,2026-04-18T11:43:00Z,precip_accum,24
BFGL1,BAYOU FRANCOIS AT HWY 61 NEAR GONZALES 1NE,LA,30.22722,-90.89944,106,America/Chicago,0.0,2026-04-17T12:00:00Z,2026-04-18T12:00:00Z,precip_accum,73
BJNL1,BLACK RIVER AT JONESVILLE,LA,31.62222,-91.81222,106,America/Chicago,0.0,2026-04-17T12:00:00Z,2026-04-18T12:00:00Z,precip_accum,96
BLBL1,BLACK BAYOU AT HIGWAY 621 NEAR PRAIRIEVILLE 4SE,LA,30.26944,-90.91694,106,America/Chicago,0.0,2026-04-17T12:00:00Z,2026-04-18T12:00:00Z,precip_accum,96
BMDL1,BAYOU MACON NEAR DELHI 1E,LA,32.45778,-91.47611,106,America/Chicago,0.0,2026-04-17T12:00:00Z,2026-04-18T12:00:00Z,precip_accum,96
BMEL1,BAYOU MACON AT HWY 134 EAST OF EPPS,LA,32.62056,-91.40556,106,America/Chicago,0.0,2026-04-17T12:00:00Z,2026-04-18T12:00:00Z,precip_accum,96
BMGL1,BAYOU MACON NORTHEAST OF GILBERT,LA,32.09278,-91.5925,106,America/Chicago,0.0,2026-04-17T12:00:00Z,2026-04-18T12:00:00Z,precip_accum,81
BMIL1,BAYOU MALLET AT HWY 91 NORTH OF IOTA,LA,30.39444,-92.4975,106,America/Chicago,0.0,2026-04-17T12:00:00Z,2026-04-18T12:00:00Z,precip_accum,96
BONL1,BAYOU BONNE IDEE NEAR OAK RIDGE,LA,32.64361,-91.70333,106,America/Chicago,0.0,2026-04-17T12:00:00Z,2026-04-18T12:00:00Z,precip_accum,96
BQTL1,BAYOU QUEUE DE TORTUE AT RICEVILLE,LA,30.08139,-92.50639,106,America/Chicago,0.0,2026-04-17T12:00:00Z,2026-04-18T12:00:00Z,precip_accum,96
BSHL1,BOGUE CHITTO RIVER NEAR BUSH 1NNE,LA,30.62917,-89.89722,106,America/Chicago,0.0,2026-04-17T12:00:00Z,2026-04-18T12:00:00Z,precip_accum,96
BSLL1,BAYOU NEZPIQUE NEAR BASILE 2W,LA,30.48083,-92.63167,106,America/Chicago,0.0,2026-04-17T12:00:00Z,2026-04-18T12:00:00Z,precip_accum,96
BVCL1,BAYOU VERMILION NEAR CARENCRO,LA,30.36806,-91.9875,106,America/Chicago,0.0,2026-04-17T12:00:00Z,2026-04-18T12:00:00Z,precip_accum,73
BXAL1,PEARL RIVER NEAR BOGALUSA 2E,LA,30.79306,-89.82083,106,America/Chicago,0.0,2026-04-17T12:00:00Z,2026-04-18T12:00:00Z,precip_accum,48
C2220,CW2220 Kaplan,LA,30.0072,-92.29422,65,America/Chicago,0.0,2026-04-17T12:00:00Z,2026-04-18T12:00:00Z,precip_accum_since_local_midnight,96
C2378,CW2378 New Orleans,LA,29.96883,-90.218,65,America/Chicago,0.0,2026-04-17T12:00:00Z,2026-04-18T11:55:00Z,precip_accum_since_local_midnight,244
C4185,CW4185 New Orleans,LA,29.95,-90.19917,65,America/Chicago,0.0,2026-04-17T12:01:00Z,2026-04-18T12:01:00Z,precip_accum_since_local_midnight,288
C5600,KG5FQT Paulina,LA,30.03957,-90.71437,65,America/Chicago,0.01,2026-04-17T12:00:00Z,2026-04-18T12:00:00Z,precip_accum_since_local_midnight,48
C6488,CW6488 Covington,LA,30.488,-90.14033,65,America/Chicago,0.0,2026-04-17T12:00:00Z,2026-04-18T12:00:00Z,precip_accum_since_local_midnight,85
C7580,CW7580 Gramercy,LA,30.06333,-90.69917,65,America/Chicago,0.0,2026-04-17T12:01:00Z,2026-04-18T12:01:00Z,precip_accum_since_local_midnight,280
CADL1,USCRN SITE AT UNIVERSITY OF LOUISIANA AT LAFAYETTE - CADE FARM NEAR LAFAYETTE 13SE,LA,30.09194,-91.87306,123,America/Chicago,0.0,2026-04-17T12:00:00Z,2026-04-18T12:00:00Z,precip_accum,24
CATL1,CATAHOULA LAKE NEAR NEBO 8S,LA,31.47944,-92.11333,106,America/Chicago,0.0,2026-04-17T12:00:00Z,2026-04-18T12:00:00Z,precip_accum,48
CBAL1,CLAYCUT BAYOU AT ANTIOCH ROAD NEAR INNISWOLD 4E,LA,30.38667,-91.00722,106,America/Chicago,0.0,2026-04-17T12:00:00Z,2026-04-18T12:00:00Z,precip_accum,96
CGSL1,BOGUE FALAYA NEAR CAMP COVINGTON NEAR COVINGTON 7NW,LA,30.55639,-90.14611,106,America/Chicago,0.0,2026-04-17T12:00:00Z,2026-04-18T12:00:00Z,precip_accum,96
CMTL1,COMITE RIVER AT JOOR ROAD NEAR COMITE 3W,LA,30.5125,-91.07361,106,America/Chicago,0.0,2026-04-17T12:00:00Z,2026-04-18T12:00:00Z,precip_accum,96
COGL1,BAYOU MACON NEAR COMO,LA,32.09222,-91.5925,106,America/Chicago,0.0,2026-04-17T12:00:00Z,2026-04-18T12:00:00Z,precip_accum,24
COML1,COMITE RIVER AT COMITE DRIVE NEAR BATON ROUGE,LA,30.55806,-91.09806,106,America/Chicago,0.0,2026-04-17T12:00:00Z,2026-04-18T12:00:00Z,precip_accum,96
CONL1,BAYOU CONWAY NEAR SORRENTO,LA,30.17306,-90.84444,106,America/Chicago,0.0,2026-04-17T12:00:00Z,2026-04-18T12:00:00Z,precip_accum,96
COOPBSRL1,BAYOU SORREL LOCK,LA,30.1327,-91.3227,77,America/Chicago,0.0,2026-04-17T11:00:00Z,2026-04-18T12:00:00Z,precip_accum_24_hour,1
COOPDVLL1,DONALDSONVILLE 4 SW,LA,30.0719,-91.0278,74,America/Chicago,0.0,2026-04-17T12:00:00Z,2026-04-18T12:00:00Z,precip_accum_24_hour,1
COOPJNNL1,JENNINGS,LA,30.2002,-92.6641,74,America/Chicago,0.0,2026-04-17T11:00:00Z,2026-04-18T11:00:00Z,precip_accum_24_hour,1
COOPLIX,SLIDELL AP,LA,30.34333,-89.82222,74,America/Chicago,0.0,2026-04-17T11:00:00Z,2026-04-18T11:00:00Z,precip_accum_24_hour,1
COOPPQML1,PLAQUEMINE 2 N,LA,30.3214,-91.2517,77,America/Chicago,0.0,2026-04-17T12:00:00Z,2026-04-18T12:00:00Z,precip_accum_24_hour,1
CORL1,COCODRIE PUMPING PLANT NEAR MAYNA 3SE (RIVERSIDE),LA,31.38056,-91.79722,106,America/Chicago,0.0,2026-04-17T12:00:00Z,2026-04-18T12:00:00Z,precip_accum,24
CRWL1,BYU PLAQUEMINE BRULE NEAR CROWLEY 2NW,LA,30.23611,-92.39639,106,America/Chicago,0.0,2026-04-17T12:00:00Z,2026-04-18T12:00:00Z,precip_accum,96
CSEL1,CHAPPEPEELA CREEK SE OF LORANGER,LA,30.60639,-90.33194,106,America/Chicago,0.0,2026-04-17T12:00:00Z,2026-04-18T12:00:00Z,precip_accum,96
CUSL1,TCHEFUNCTE RIVER AT US 190 NEAR COVINGTON 4WNW,LA,30.49444,-90.16944,106,America/Chicago,0.0,2026-04-17T12:00:00Z,2026-04-18T12:00:00Z,precip_accum,79
CVEL1,BOGUE FALAYA AT BOSTON STREET AT COVINGTON #3,LA,30.47639,-90.08944,106,America/Chicago,0.0,2026-04-17T12:00:00Z,2026-04-18T12:00:00Z,precip_accum,78
CWWL1,CHOCTAW BAYOU AT HWY 404 W OF WHITE CASTLE,LA,30.12639,-91.28639,106,America/Chicago,0.0,2026-04-17T12:00:00Z,2026-04-18T12:00:00Z,precip_accum,96
CYNL1,TENSAS RIVER AT CLAYTON,LA,31.72361,-91.54083,106,America/Chicago,0.0,2026-04-17T12:00:00Z,2026-04-18T12:00:00Z,precip_accum,24
D2721,DW2721 Ponchatoula,LA,30.45999,-90.44988,65,America/Chicago,0.0,2026-04-17T12:00:00Z,2026-04-18T12:00:00Z,precip_accum_since_local_midnight,248
D5212,DW5212 Dry Prong,LA,31.58583,-92.60167,65,America/Chicago,0.0,2026-04-17T12:00:00Z,2026-04-18T12:00:00Z,precip_accum_since_local_midnight,265
D6888,DW6888 Gretna,LA,29.87467,-90.03783,65,America/Chicago,0.0,2026-04-17T11:58:00Z,2026-04-18T11:58:00Z,precip_accum_since_local_midnight,239
D7368,DW7368 Pecan Island,LA,29.64983,-92.4195,65,America/Chicago,0.0,2026-04-17T12:00:00Z,2026-04-18T12:00:00Z,precip_accum_since_local_midnight,96
DCBL1,DAWSON CREEK AT BLUEBONNET BOULEVARD NEAR INNISWOLD 1SW,LA,30.38222,-91.09417,106,America/Chicago,0.0,2026-04-17T12:00:00Z,2026-04-18T12:00:00Z,precip_accum,96
DENL1,AMITE RIVER NEAR DENHAM SPRINGS 3SW,LA,30.46389,-90.99028,106,America/Chicago,0.0,2026-04-17T12:00:00Z,2026-04-18T12:00:00Z,precip_accum,96
E0561,EW0561 Covington,LA,30.4675,-90.141,65,America/Chicago,0.0,2026-04-17T12:00:00Z,2026-04-18T12:00:00Z,precip_accum_since_local_midnight,96
E1043,EW1043 Lutcher,LA,30.05633,-90.69917,65,America/Chicago,0.0,2026-04-17T12:00:00Z,2026-04-18T12:00:00Z,precip_accum_since_local_midnight,95
E1090,EW1090 Metairie,LA,30.005,-90.14217,65,America/Chicago,0.0,2026-04-17T11:58:00Z,2026-04-18T11:58:00Z,precip_accum_since_local_midnight,280
E1616,EW1616 Baton Rouge,LA,30.411,-90.9472,65,America/Chicago,0.0,2026-04-17T12:00:00Z,2026-04-18T12:00:00Z,precip_accum_since_local_midnight,288
E3364,EW3364 Belle Chasse,LA,29.85967,-89.99183,65,America/Chicago,0.0,2026-04-17T12:00:00Z,2026-04-18T12:00:00Z,precip_accum_since_local_midnight,96
E5037,EW5037 Houma,LA,29.53683,-90.67167,65,America/Chicago,0.0,2026-04-17T12:01:00Z,2026-04-18T12:03:00Z,precip_accum_since_local_midnight,134
E6362,EW6362 New Orleans,LA,29.97367,-90.08567,65,America/Chicago,0.0,2026-04-17T11:58:00Z,2026-04-18T11:59:00Z,precip_accum_since_local_midnight,280
E6758,EW6758 Georgetown,LA,31.79717,-92.581,65,America/Chicago,0.0,2026-04-17T12:00:00Z,2026-04-18T12:00:00Z,precip_accum_since_local_midnight,71
E6903,EW6903 Lockport,LA,29.66,-90.54483,65,America/Chicago,0.0,2026-04-17T12:00:00Z,2026-04-18T12:00:00Z,precip_accum_since_local_midnight,96
E8473,EW8473 Gretna,LA,29.9075,-90.04883,65,America/Chicago,0.0,2026-04-17T12:00:00Z,2026-04-18T12:01:00Z,precip_accum_since_local_midnight,288
E9083,W4NDF-13 METAIRIE,LA,29.98114,-90.19902,65,America/Chicago,0.0,2026-04-17T11:58:00Z,2026-04-18T11:58:00Z,precip_accum_since_local_midnight,285
ENNL1,BOGUE CHITTO AT ENON,LA,30.72028,-90.08361,106,America/Chicago,0.0,2026-04-17T12:00:00Z,2026-04-18T12:00:00Z,precip_accum,96
ESWL1,BAYOU PLAQUEMINE BRULE AT ESTERWOOD,LA,30.19806,-92.46333,106,America/Chicago,0.0,2026-04-17T12:00:00Z,2026-04-18T12:00:00Z,precip_accum,96
F0094,FW0094 Slidell,LA,30.28167,-89.773,65,America/Chicago,0.0,2026-04-17T12:00:00Z,2026-04-18T12:01:00Z,precip_accum_since_local_midnight,288
F0324,FW0324 Thibodaux,LA,29.87333,-90.81733,65,America/Chicago,0.0,2026-04-17T12:00:00Z,2026-04-18T12:00:00Z,precip_accum_since_local_midnight,290
F0338,FW0338 Plaucheville,LA,30.94383,-91.96533,65,America/Chicago,0.0,2026-04-17T11:58:00Z,2026-04-18T12:00:00Z,precip_accum_since_local_midnight,284
F1110,FW1110 Kenner,LA,30.0285,-90.2245,65,America/Chicago,0.0,2026-04-17T12:00:00Z,2026-04-18T12:00:00Z,precip_accum_since_local_midnight,97
F1193,FW1193 St. Gabriel,LA,30.30833,-91.101,65,America/Chicago,0.0,2026-04-17T11:58:00Z,2026-04-18T12:00:00Z,precip_accum_since_local_midnight,277
F1251,FW1251 Lacombe,LA,30.32667,-89.97017,65,America/Chicago,0.0,2026-04-17T12:00:00Z,2026-04-18T12:00:00Z,precip_accum_since_local_midnight,96
F1622,FW1622 New Orleans,LA,29.9435,-90.06983,65,America/Chicago,0.0,2026-04-17T12:01:00Z,2026-04-18T12:02:00Z,precip_accum_since_local_midnight,136
F1704,FW1704 Mandeville,LA,30.418,-90.073,65,America/Chicago,0.0,2026-04-17T12:01:00Z,2026-04-18T12:00:00Z,precip_accum_since_local_midnight,288
F4455,FW4455 Prairieville,LA,30.2885,-90.97317,65,America/Chicago,0.0,2026-04-17T12:00:00Z,2026-04-18T12:00:00Z,precip_accum_since_local_midnight,96
F4663,FW4663 Thibodaux,LA,29.77467,-90.78567,65,America/Chicago,0.0,2026-04-17T12:00:00Z,2026-04-18T12:00:00Z,precip_accum_since_local_midnight,96
F5486,FW5486 Carencro,LA,30.31517,-92.0225,65,America/Chicago,0.0,2026-04-17T11:59:00Z,2026-04-18T12:00:00Z,precip_accum_since_local_midnight,285
F5707,FW5707 Pineville,LA,31.37983,-92.46767,65,America/Chicago,0.0,2026-04-17T12:00:00Z,2026-04-18T12:00:00Z,precip_accum_since_local_midnight,96
F5866,FW5866 Duson,LA,30.16483,-92.12017,65,America/Chicago,0.0,2026-04-17T12:00:00Z,2026-04-18T12:01:00Z,precip_accum_since_local_midnight,96
F6181,FW6181 Mandeville,LA,30.38783,-90.06633,65,America/Chicago,0.0,2026-04-17T12:00:00Z,2026-04-18T12:01:00Z,precip_accum_since_local_midnight,96
F7679,FW7679 Slidell,LA,30.22717,-89.80317,65,America/Chicago,0.0,2026-04-17T12:00:00Z,2026-04-18T12:00:00Z,precip_accum_since_local_midnight,285
F7862,FW7862 Mandeville,LA,30.37933,-90.0215,65,America/Chicago,0.0,2026-04-17T12:01:00Z,2026-04-18T12:01:00Z,precip_accum_since_local_midnight,285
F7886,FW7886 BATON ROUGE,LA,30.33122,-91.12713,65,America/Chicago,0.0,2026-04-17T11:58:00Z,2026-04-18T12:02:00Z,precip_accum_since_local_midnight,281
F7908,FW7908 Elmer,LA,31.12183,-92.682,65,America/Chicago,0.0,2026-04-17T12:01:00Z,2026-04-18T12:00:00Z,precip_accum_since_local_midnight,96
F8402,FW8402 Youngsville,LA,30.11383,-92.01083,65,America/Chicago,0.0,2026-04-17T11:59:00Z,2026-04-18T11:59:00Z,precip_accum_since_local_midnight,285
F9742,FW9742 Paulina,LA,30.038,-90.7415,65,America/Chicago,0.0,2026-04-17T12:01:00Z,2026-04-18T12:01:00Z,precip_accum_since_local_midnight,285
F9828,KC5DP Tickfaw,LA,30.58516,-90.49816,65,America/Chicago,0.0,2026-04-17T11:58:00Z,2026-04-18T11:59:00Z,precip_accum_since_local_midnight,284
FFAL1,FRENCH FORK LITTLE RIVER AT ARCHIE,LA,31.57389,-91.99194,106,America/Chicago,0.0,2026-04-17T12:00:00Z,2026-04-18T12:00:00Z,precip_accum,96
FLBL1,FLAGON BAYOU NE OF LIBUSE,LA,31.38389,-92.29694,106,America/Chicago,0.0,2026-04-17T12:00:00Z,2026-04-18T12:00:00Z,precip_accum,96
FLSL1,TCHEFUNCTA RIVER AT LA 40 NEAR FOLSOM 4WSW,LA,30.61583,-90.24861,106,America/Chicago,0.0,2026-04-17T12:00:00Z,2026-04-18T12:00:00Z,precip_accum,96
FRNL1,BOGUE CHITTO NEAR FRANKLINTON 1SW,LA,30.84278,-90.16194,106,America/Chicago,0.0,2026-04-17T12:00:00Z,2026-04-18T12:00:00Z,precip_accum,96
FSLL1,AMITE RIVER AT FRENCH SETTLEMENT,LA,30.27528,-90.77917,106,America/Chicago,0.0,2026-04-17T12:00:00Z,2026-04-18T12:00:00Z,precip_accum,96
G0043,GW0043 Slidell,LA,30.231,-89.78983,65,America/Chicago,0.0,2026-04-17T11:59:00Z,2026-04-18T11:59:00Z,precip_accum_since_local_midnight,285
G0582,GW0582 Slidel,LA,30.31983,-89.7715,65,America/Chicago,0.0,2026-04-17T12:00:00Z,2026-04-18T12:00:00Z,precip_accum_since_local_midnight,288
G0610,GW0610 Metairie,LA,29.9845,-90.13883,65,America/Chicago,0.0,2026-04-17T12:01:00Z,2026-04-18T12:00:00Z,precip_accum_since_local_midnight,288
G1868,GW1868 VACHERIE,LA,29.93701,-90.69312,65,America/Chicago,0.0,2026-04-17T11:59:00Z,2026-04-18T12:04:00Z,precip_accum_since_local_midnight,96
G2074,GW2074 CONVENT,LA,30.06967,-90.86883,65,America/Chicago,0.0,2026-04-17T11:55:00Z,2026-04-18T12:02:00Z,precip_accum_since_local_midnight,159
G4801,GW4801 METAIRIE,LA,29.98333,-90.21667,65,America/Chicago,0.0,2026-04-17T12:00:00Z,2026-04-18T12:01:00Z,precip_accum_since_local_midnight,285
G5218,GW5218 SLIDELL,LA,30.27483,-89.75933,65,America/Chicago,0.0,2026-04-17T12:00:00Z,2026-04-18T12:00:00Z,precip_accum_since_local_midnight,96
G5294,GW5294 BATON ROUGE,LA,30.36583,-91.0405,65,America/Chicago,0.0,2026-04-17T12:02:00Z,2026-04-18T12:02:00Z,precip_accum_since_local_midnight,285
G5379,GW5379 GONZALES,LA,30.23233,-90.93133,65,America/Chicago,0.0,2026-04-17T12:00:00Z,2026-04-18T11:58:00Z,precip_accum_since_local_midnight,187
G5674,GW5674 MONTEREY,LA,31.31283,-91.8345,65,America/Chicago,0.0,2026-04-17T12:02:00Z,2026-04-18T11:55:00Z,precip_accum_since_local_midnight,106
G5825,GW5825 FOLSOM,LA,30.62933,-90.22483,65,America/Chicago,0.0,2026-04-17T12:02:00Z,2026-04-18T12:02:00Z,precip_accum_since_local_midnight,285
G5906,GW5906 EDGARD,LA,30.04533,-90.56333,65,America/Chicago,0.0,2026-04-17T11:59:00Z,2026-04-18T11:59:00Z,precip_accum_since_local_midnight,285
G6059,GW6059 PEARL RIVER,LA,30.36817,-89.77317,65,America/Chicago,0.0,2026-04-17T12:00:00Z,2026-04-18T12:00:00Z,precip_accum_since_local_midnight,90
G6342,GW6342 BUSH,LA,30.625,-90.044,65,America/Chicago,0.0,2026-04-17T12:00:00Z,2026-04-18T12:00:00Z,precip_accum_since_local_midnight,86
G6343,GW6343 FOLSOM,LA,30.62883,-90.18833,65,America/Chicago,0.0,2026-04-17T12:00:00Z,2026-04-18T12:00:00Z,precip_accum_since_local_midnight,85
G6344,GW6344 BUSH,LA,30.60533,-89.9475,65,America/Chicago,0.0,2026-04-17T12:00:00Z,2026-04-18T12:00:00Z,precip_accum_since_local_midnight,96
G6345,GW6345 MADISONVILLE,LA,30.4125,-90.1705,65,America/Chicago,0.0,2026-04-17T12:00:00Z,2026-04-18T12:00:00Z,precip_accum_since_local_midnight,96
G6346,GW6346 LACOMBE,LA,30.357,-89.92183,65,America/Chicago,0.0,2026-04-17T12:00:00Z,2026-04-18T12:00:00Z,precip_accum_since_local_midnight,95
G6347,GW6347 SLIDELL,LA,30.29883,-89.758,65,America/Chicago,0.0,2026-04-17T12:00:00Z,2026-04-18T12:00:00Z,precip_accum_since_local_midnight,96
G6348,GW6348 SLIDELL,LA,30.22417,-89.78783,65,America/Chicago,0.02,2026-04-17T12:00:00Z,2026-04-18T12:00:00Z,precip_accum_since_local_midnight,96
G6357,GW6357 SLIDELL,LA,30.31283,-89.81633,65,America/Chicago,0.0,2026-04-17T12:00:00Z,2026-04-18T12:00:00Z,precip_accum_since_local_midnight,96
G6440,GW6440 LACOMBE,LA,30.3115,-89.93917,65,America/Chicago,0.0,2026-04-17T12:00:00Z,2026-04-18T12:00:00Z,precip_accum_since_local_midnight,96
G6841,GW6841 BREAUX BRIDGE,LA,30.2595,-91.84,65,America/Chicago,0.0,2026-04-17T11:58:00Z,2026-04-18T12:02:00Z,precip_accum_since_local_midnight,286
GARL1,EVANGELINE,LA,31.18337,-92.63244,2,America/Chicago,0.0,2026-04-17T11:43:00Z,2026-04-18T11:43:00Z,precip_accum,24
GRDL1,GRAND GOUDINE BAYOU AT HIGHWAY 934 NEAR GONZALES 4NW,LA,30.26194,-90.96333,106,America/Chicago,0.0,2026-04-17T12:00:00Z,2026-04-18T12:00:00Z,precip_accum,96
GVLL1,AMITE RIVER NEAR GRANGEVILLE 1SW,LA,30.73611,-90.84167,106,America/Chicago,0.0,2026-04-17T12:00:00Z,2026-04-18T12:00:00Z,precip_accum,96
HARL1,HAHA BAYOU PUMP PLANT (RIVER SIDE) NEAR JONESVILLE 2NNE,LA,31.65028,-91.79722,106,America/Chicago,0.0,2026-04-17T12:00:00Z,2026-04-18T12:00:00Z,precip_accum,24
HBRL1,HURRICANE CREEK AT BATON ROUGE 2NE,LA,30.48194,-91.1225,106,America/Chicago,0.0,2026-04-17T12:00:00Z,2026-04-18T12:00:00Z,precip_accum,96
HENL1,HENDERSON BAYOU NEAR PORT VINCENT 3SW,LA,30.29722,-90.88361,106,America/Chicago,0.0,2026-04-17T12:00:00Z,2026-04-18T12:00:00Z,precip_accum,96
HLRL1,BIG CK AT HOLLY RIDGE,LA,32.46639,-91.61139,106,America/Chicago,0.0,2026-04-17T12:00:00Z,2026-04-18T12:00:00Z,precip_accum,96
HOLL1,TICKFAW RIVER AT HOLDEN,LA,30.50361,-90.67722,106,America/Chicago,0.0,2026-04-17T12:00:00Z,2026-04-18T12:00:00Z,precip_accum_one_hour,24
HOOL1,COMITE RIVER AT HOOPER ROAD NEAR BATON ROUGE 6NNE,LA,30.53056,-91.09361,106,America/Chicago,0.0,2026-04-17T12:00:00Z,2026-04-18T12:00:00Z,precip_accum,96
JCHL1,JONES CREEK AT OLD HAMMOND HIGHWAY AT MILLERVILLE,LA,30.44056,-91.04444,106,America/Chicago,0.0,2026-04-17T12:00:00Z,2026-04-18T12:00:00Z,precip_accum,96
K0R4,Vidalia Concordia Parish,LA,31.562,-91.5065,1,America/Chicago,0.0,2026-04-17T11:55:00Z,2026-04-18T11:55:00Z,precip_accum_one_hour,70
K3R7,Jennings Airport,LA,30.2427,-92.6735,1,America/Chicago,0.0,2026-04-17T11:55:00Z,2026-04-18T11:55:00Z,precip_accum_one_hour,72
KACP,"Oakdale, Allen Parish Airport",LA,30.75056,-92.68861,1,America/Chicago,0.0,2026-04-17T11:55:00Z,2026-04-18T12:15:00Z,precip_accum_one_hour,69
KAEX,"Alexandria, Alexandria International Airport",LA,31.33472,-92.55861,1,America/Chicago,0.0,2026-04-17T11:53:00Z,2026-04-18T11:53:00Z,precip_accum_one_hour,29
KAPS,Port of South Louisiana Executive Regional Airport,LA,30.08747,-90.58283,1,America/Chicago,0.0,2026-04-17T11:55:00Z,2026-04-18T11:55:00Z,precip_accum_one_hour,69
KARA,Acadiana Regional Airport,LA,30.02918,-91.88451,1,America/Chicago,0.0,2026-04-17T11:59:00Z,2026-04-18T11:53:00Z,precip_accum_one_hour,24
KASD,"Slidell, Slidell Airport",LA,30.34306,-89.82194,1,America/Chicago,0.0,2026-04-17T12:04:00Z,2026-04-18T11:53:00Z,precip_accum_one_hour,27
KBTR,"Baton Rouge, Baton Rouge Metropolitan, Ryan Field",LA,30.53722,-91.14694,1,America/Chicago,0.0,2026-04-17T11:53:00Z,2026-04-18T11:53:00Z,precip_accum_one_hour,25
KBXA,"Bogalusa, George R Carr Memorial Air Field",LA,30.81361,-89.86472,1,America/Chicago,0.0,2026-04-17T11:55:00Z,2026-04-18T11:55:00Z,precip_accum_one_hour,71
KENL1,TANGIPAHOA RIVER NEAR KENTWOOD 1E,LA,30.9375,-90.49028,106,America/Chicago,0.0,2026-04-17T12:00:00Z,2026-04-18T12:00:00Z,precip_accum,96
KESF,Alexandria Esler Regional Airport,LA,31.39634,-92.28273,1,America/Chicago,0.0,2026-04-17T11:53:00Z,2026-04-18T11:53:00Z,precip_accum_one_hour,31
KGAO,"Galliano, South Lafourche Airport",LA,29.44472,-90.26111,1,America/Chicago,0.0,2026-04-17T11:55:00Z,2026-04-18T11:55:00Z,precip_accum_one_hour,69
KHDC,"Hammond, Hammond Municipal Airport",LA,30.52083,-90.4175,1,America/Chicago,0.0,2026-04-17T11:55:00Z,2026-04-18T12:15:00Z,precip_accum_one_hour,70
KHUM,Houma-Terrebonne Airport,LA,29.56341,-90.66283,1,America/Chicago,0.0,2026-04-17T11:47:00Z,2026-04-18T11:47:00Z,precip_accum_one_hour,13
KIYA,Abbeville Chris Crusta Memorial Airport,LA,29.97578,-92.08422,1,America/Chicago,0.0,2026-04-17T11:55:00Z,2026-04-18T11:55:00Z,precip_accum_one_hour,72
KLFT,"Lafayette, Lafayette Regional Airport",LA,30.20222,-91.99306,1,America/Chicago,0.0,2026-04-17T11:53:00Z,2026-04-18T11:53:00Z,precip_accum_one_hour,35
KLML1,MISSISSIPPI RIVER AT KNOX LANDING NEAR BLACK HAWK 5SSE,LA,31.07361,-91.58194,106,America/Chicago,0.0,2026-04-17T12:00:00Z,2026-04-18T12:00:00Z,precip_accum,24
KMLU,Monroe Regional Airport,LA,32.51557,-92.02995,1,America/Chicago,0.0,2026-04-17T11:53:00Z,2026-04-18T11:53:00Z,precip_accum_one_hour,28
KMSY,"New Orleans, New Orleans International Airport",LA,29.99278,-90.25083,1,America/Chicago,0.0,2026-04-17T11:53:00Z,2026-04-18T11:53:00Z,precip_accum_one_hour,26
KNBG,New Orleans Naval Air Station - Alvin Callender Field,LA,29.83736,-90.02445,1,America/Chicago,0.0,2026-04-17T11:55:00Z,2026-04-18T11:55:00Z,precip_accum_one_hour,24
KNEW,"New Orleans, New Orleans Lakefront Airport",LA,30.04944,-90.02889,1,America/Chicago,0.0,2026-04-17T11:53:00Z,2026-04-18T11:53:00Z,precip_accum_one_hour,26
KOPL,Opelousas St Landry Parish Airport,LA,30.5584,-92.0994,1,America/Chicago,0.0,2026-04-17T11:55:00Z,2026-04-18T11:55:00Z,precip_accum_one_hour,71
KPTN,Patterson Memorial,LA,29.71667,-91.33333,1,America/Chicago,0.0,2026-04-17T11:56:00Z,2026-04-18T11:56:00Z,precip_accum_one_hour,29
KREG,Louisiana Regional Airport,LA,30.1714,-90.9404,1,America/Chicago,0.0,2026-04-17T11:55:00Z,2026-04-18T12:15:00Z,precip_accum_one_hour,71
KRSN,"Ruston, Ruston Regional Airport",LA,32.51444,-92.58833,1,America/Chicago,0.0,2026-04-17T11:55:00Z,2026-04-18T11:55:00Z,precip_accum_one_hour,72
KTVR,"Vicksburg, Vicksburg / Tallulah Regional Airport",LA,32.34806,-91.03,1,America/Chicago,0.004,2026-04-17T11:53:00Z,2026-04-18T11:53:00Z,precip_accum_one_hour,27
LBDL1,LONG BRANCH DRAINAGE STRUCTURE (LAND SIDE) NEAR JONESVILLE 15SW,LA,31.40167,-91.92306,106,America/Chicago,0.0,2026-04-17T12:00:00Z,2026-04-18T12:00:00Z,precip_accum,24
LM001,ULM_MONR,LA,32.53075,-92.06261,313,America/Chicago,0.0,2026-04-17T12:00:00Z,2026-04-18T12:00:00Z,precip_accum_since_local_midnight,288
LM002,ULM_EROS,LA,32.37583,-92.43992,313,America/Chicago,0.0,2026-04-17T12:00:00Z,2026-04-18T12:00:00Z,precip_accum_since_local_midnight,288
LM004,ULM_DUBA,LA,32.65417,-92.69191,313,America/Chicago,0.0,2026-04-17T12:00:00Z,2026-04-18T12:00:00Z,precip_accum_since_local_midnight,288
LM005,ULM_CFAX,LA,31.51911,-92.69617,313,America/Chicago,0.0,2026-04-17T12:00:00Z,2026-04-18T12:00:00Z,precip_accum_since_local_midnight,288
LM007,ULM_SICI,LA,31.85196,-91.66484,313,America/Chicago,0.0,2026-04-17T12:00:00Z,2026-04-18T12:00:00Z,precip_accum_since_local_midnight,288
LM008,ULM_JVIL,LA,31.58849,-91.85472,313,America/Chicago,0.0,2026-04-17T12:00:00Z,2026-04-18T12:00:00Z,precip_accum_since_local_midnight,288
LM009,ULM_ACME,LA,31.34476,-91.71883,313,America/Chicago,0.0,2026-04-17T12:00:00Z,2026-04-18T12:00:00Z,precip_accum_since_local_midnight,288
LM011,ULM_ALTO,LA,32.35909,-91.84068,313,America/Chicago,0.0,2026-04-17T12:00:00Z,2026-04-18T12:00:00Z,precip_accum_since_local_midnight,288
LM012,ULM_JENA,LA,31.66897,-92.15916,313,America/Chicago,0.0,2026-04-17T12:00:00Z,2026-04-18T12:00:00Z,precip_accum_since_local_midnight,288
LM016,ULM_COLB,LA,32.12512,-92.05584,313,America/Chicago,0.0,2026-04-17T12:00:00Z,2026-04-18T12:00:00Z,precip_accum_since_local_midnight,288
LM019,ULM_MORG,LA,30.72307,-91.53518,313,America/Chicago,0.0,2026-04-17T12:00:00Z,2026-04-18T12:00:00Z,precip_accum_since_local_midnight,288
LM021,ULM_DELI,LA,32.42459,-91.50023,313,America/Chicago,0.0,2026-04-17T12:00:00Z,2026-04-18T12:00:00Z,precip_accum_since_local_midnight,288
LM022,ULM_WINN,LA,31.9628,-92.65389,313,America/Chicago,0.0,2026-04-17T12:00:00Z,2026-04-18T12:00:00Z,precip_accum_since_local_midnight,288
LM024,ULM_JENN,LA,30.10845,-92.66346,313,America/Chicago,0.0,2026-04-17T12:00:00Z,2026-04-18T12:00:00Z,precip_accum_since_local_midnight,288
LM025,ULM_CPOT,LA,30.42204,-92.23156,313,America/Chicago,0.0,2026-04-17T12:00:00Z,2026-04-18T12:00:00Z,precip_accum_since_local_midnight,288
LM026,ULM_VILP,LA,30.65821,-92.27666,313,America/Chicago,0.0,2026-04-17T12:00:00Z,2026-04-18T12:00:00Z,precip_accum_since_local_midnight,288
LM027,ULM_KENT,LA,30.8852,-90.6086,313,America/Chicago,0.0,2026-04-17T12:00:00Z,2026-04-18T12:00:00Z,precip_accum_since_local_midnight,288
LM028,ULM_CLIN,LA,30.84559,-90.98049,313,America/Chicago,0.0,2026-04-17T12:00:00Z,2026-04-18T12:00:00Z,precip_accum_since_local_midnight,288
LM029,ULM_MARO,LA,29.8305,-90.11407,313,America/Chicago,0.0,2026-04-17T12:00:00Z,2026-04-18T12:00:00Z,precip_accum_since_local_midnight,288
LM030,ULM_CHAL,LA,29.97033,-89.95386,313,America/Chicago,0.0,2026-04-17T12:00:00Z,2026-04-18T12:00:00Z,precip_accum_since_local_midnight,288
LPOL1,TICKFAW RIVER AT LIVERPOOL NEAR KENTWOOD 1NNE,LA,30.93056,-90.67333,106,America/Chicago,0.0,2026-04-17T12:00:00Z,2026-04-18T12:00:00Z,precip_accum,96
LRBL1,LITTLE RIVER AT BOGGY BAYOU ROAD,LA,31.14167,-92.00944,106,America/Chicago,0.0,2026-04-17T12:00:00Z,2026-04-18T12:00:00Z,precip_accum,96
LRTL1,LARTO LAKE NEAR LARTO 2SW,LA,31.35333,-91.94194,106,America/Chicago,0.0,2026-04-17T12:00:00Z,2026-04-18T12:00:00Z,precip_accum,24
MAGL1,AMITE RIVER AT MAGNOLIA BRIDGE NEAR DENHAN SPRINGS 4NNW,LA,30.53472,-90.98056,106,America/Chicago,0.0,2026-04-17T12:00:00Z,2026-04-18T12:00:00Z,precip_accum,96
MAUL1,AMITE RIVER AT HWY 22 NEAR MAUREPAS 3ENE,LA,30.30917,-90.61028,106,America/Chicago,0.0,2026-04-17T12:00:00Z,2026-04-18T12:00:00Z,precip_accum,96
MCOL1,MUDDY CREEK NEAR OAK GROVE 2ENE,LA,30.32056,-90.95417,106,America/Chicago,0.0,2026-04-17T12:00:00Z,2026-04-18T12:00:00Z,precip_accum,78
MLAL1,MERMENTAU RIVER AT LAKE ARTHUR,LA,30.07278,-92.65917,106,America/Chicago,0.0,2026-04-17T12:00:00Z,2026-04-18T12:00:00Z,precip_accum,96
MLDL1,COMITE RIVER AT PORT HUDSON-PRIDE ROAD NEAR MILLDALE 3NW,LA,30.70222,-91.05111,106,America/Chicago,0.01,2026-04-17T12:00:00Z,2026-04-18T12:00:00Z,precip_accum,96
MLVL1,ATCHAFALAYA RIVER AT MELVILLE,LA,30.69056,-91.73611,106,America/Chicago,0.0,2026-04-17T12:00:00Z,2026-04-18T12:00:00Z,precip_accum,24
MOGL1,BAYOU COCODRIE NEAR MONTEREY,LA,31.425,-91.62667,106,America/Chicago,0.0,2026-04-17T12:00:00Z,2026-04-18T12:00:00Z,precip_accum,24
MSVL1,TCHEFUNCTE RIVER AT MADISONVILLE,LA,30.40389,-90.15472,106,America/Chicago,0.0,2026-04-17T12:00:00Z,2026-04-18T12:00:00Z,precip_accum,96
NBWL1,NORTH BRANCH WARD CREEK AT JEFFERSON HIGHWAY NEAR WESTMINSTER 4SE,LA,30.41778,-91.09139,106,America/Chicago,0.0,2026-04-17T12:00:00Z,2026-04-18T12:00:00Z,precip_accum,74
NLGL1,TENSAS RIVER AT NEWLIGHT,LA,32.08917,-91.48972,106,America/Chicago,0.0,2026-04-17T12:00:00Z,2026-04-18T12:00:00Z,precip_accum,48
NORL1,MISSISSIPPI RIVER AT CARROLLTON GAGE AT NEW ORLEANS,LA,29.93472,-90.13611,106,America/Chicago,0.0,2026-04-17T12:00:00Z,2026-04-18T12:00:00Z,precip_accum_one_hour,24
NRSL1,NEW RIVER CANAL NEAR SORRENTO 4E,LA,30.18917,-90.78611,106,America/Chicago,0.0,2026-04-17T12:00:00Z,2026-04-18T12:00:00Z,precip_accum,96
OKDL1,SITE 2 - CALCASIEU RVR AT OAKDALE,LA,30.82222,-92.68444,106,America/Chicago,0.0,2026-04-17T12:00:00Z,2026-04-18T12:00:00Z,precip_accum,91
OLVL1,COMITE RIVER NEAR OLIVE BRANCH 2NE,LA,30.75583,-91.04389,106,America/Chicago,0.0,2026-04-17T12:00:00Z,2026-04-18T12:00:00Z,precip_accum,96
OWCL1,OLD WARD CREEK DIVISION AT HIGHLAND ROAD,LA,30.355,-91.015,106,America/Chicago,0.0,2026-04-17T12:00:00Z,2026-04-18T12:00:00Z,precip_accum,96
PANL1,PANAMA CANAL AT HIGHWAY 44 NEAR GONZALES 5S,LA,30.17056,-90.91917,106,America/Chicago,0.0,2026-04-17T12:00:00Z,2026-04-18T12:00:00Z,precip_accum,96
PCDL1,BAYOU PETIT CAILLOU AT CONTROL STRUCTURE NEAR LAPEYROUSE 2WSW,LA,29.38694,-90.61778,106,America/Chicago,0.0,2026-04-17T12:00:00Z,2026-04-18T12:00:00Z,precip_accum,96
PNTL1,TANGIPAHOA RIVER NEAR PONCHATOULA 6E,LA,30.44361,-90.33444,106,America/Chicago,0.0,2026-04-17T12:00:00Z,2026-04-18T12:00:00Z,precip_accum,96
PPAL1,BELLE RIVER AT HWY 70 NEAR PIERRE PART 4SSW,LA,29.90917,-91.21583,106,America/Chicago,0.0,2026-04-17T12:00:00Z,2026-04-18T12:00:00Z,precip_accum,96
PRBL1,WEST PEARL RIVER NEAR SLIDELL 5ENE,LA,30.29778,-89.70222,106,America/Chicago,0.0,2026-04-17T12:00:00Z,2026-04-18T12:00:00Z,precip_accum,96
PRCL1,LITTLE SANDY CREEK AT PEAIRS ROAD NEAR GREENWELL SPRINGS 4N,LA,30.64361,-91.0075,106,America/Chicago,0.0,2026-04-17T12:00:00Z,2026-04-18T12:00:00Z,precip_accum,96
PRDL1,PEARL RIVER NAVIGATION CANAL #2 NEAR BUSH 2ESE,LA,30.59333,-89.86444,106,America/Chicago,0.0,2026-04-17T12:00:00Z,2026-04-18T12:00:00Z,precip_accum,96
PRIL1,SANDY CREEK NEAR PRIDE 2SE,LA,30.67056,-90.96,106,America/Chicago,0.0,2026-04-17T12:00:00Z,2026-04-18T12:00:00Z,precip_accum,96
PRTL1,PEARL RIVER NAVIGATION CANAL #3 NEAR SUN 2SE,LA,30.63806,-89.86806,106,America/Chicago,0.0,2026-04-17T12:00:00Z,2026-04-18T12:00:00Z,precip_accum,96
PRUL1,PEARL RIVER NAVIGATION CANAL #1 NEAR PEARL RIVER 6NNW,LA,30.45639,-89.77972,106,America/Chicago,0.0,2026-04-17T12:00:00Z,2026-04-18T12:00:00Z,precip_accum,96
PVLL1,AMITE RIVER AT PORT VINCENT,LA,30.3325,-90.85194,106,America/Chicago,0.0,2026-04-17T12:00:00Z,2026-04-18T12:00:00Z,precip_accum,96
RATL1,RED RIVER LOCK & DAM 1 NEAR MARKSVILLE 10NE (LOWER),LA,31.25556,-91.95778,106,America/Chicago,0.0,2026-04-17T12:00:00Z,2026-04-18T12:00:00Z,precip_accum,24
RHLL1,LITTLE RIVER NEAR ROCHELLE NEAR GEORGETOWN 2SE,LA,31.75417,-92.34444,106,America/Chicago,0.0,2026-04-17T12:00:00Z,2026-04-18T12:00:00Z,precip_accum_fifteen_minute,96
RRBL1,RED RIVER LOCK  DAM 2 NEAR RUBY 3W UPPER,LA,31.18722,-92.29278,106,America/Chicago,0.0,2026-04-17T12:00:00Z,2026-04-18T12:00:00Z,precip_accum,24
RRLL1,MISSISSIPPI RIVER AT RED RIVER LANDING,LA,30.96083,-91.66444,106,America/Chicago,0.0,2026-04-17T12:00:00Z,2026-04-18T12:00:00Z,precip_accum,24
SFPL1,FRITCHIE PORTABLE,LA,30.24417,-89.72139,2,America/Chicago,0.0,2026-04-17T12:17:00Z,2026-04-18T12:17:00Z,precip_accum,24
SFRL1,FOOL RIVER PUMPING PLANT (RIVERSIDE) NEAR SICILY ISLAND 5NE,LA,31.885,-91.57667,106,America/Chicago,0.0,2026-04-17T12:00:00Z,2026-04-18T12:00:00Z,precip_accum,24
SFYL1,CORPS ACM CASTING YARD NEAR ST. FRANCISVILLE 1SSW,LA,30.7675,-91.38111,106,America/Chicago,0.0,2026-04-17T12:00:00Z,2026-04-18T12:00:00Z,precip_accum,24
SMAL1,ATCHAFALAYA RIVER AT SIMMESPORT,LA,30.9825,-91.79833,106,America/Chicago,0.0,2026-04-17T12:00:00Z,2026-04-18T12:00:00Z,precip_accum,24
SRRL1,LOWER GRAND RIVER AT BAYOU SORREL (LAND SIDE),LA,30.15528,-91.33167,106,America/Chicago,0.0,2026-04-17T12:00:00Z,2026-04-18T12:00:00Z,precip_accum,96
STVL1,BAYOU MILHOMME NEAR STEPHENSVILLE,LA,29.78,-91.16667,106,America/Chicago,0.0,2026-04-17T12:00:00Z,2026-04-18T12:00:00Z,precip_accum,96
TCSL1,THOMPSON CREEK NEAR STARHILL,LA,30.7475,-91.28556,106,America/Chicago,0.0,2026-04-17T12:00:00Z,2026-04-18T12:00:00Z,precip_accum,96
TDGL1,TENSAS RIVER AT TENDAL 12SW,LA,32.43194,-91.36667,106,America/Chicago,0.0,2026-04-17T12:00:00Z,2026-04-18T12:00:00Z,precip_accum,48
TRPL1,TANGIPAHOA RIVER AT TANGIPAHOA,LA,30.87611,-90.495,106,America/Chicago,0.0,2026-04-17T12:00:00Z,2026-04-18T12:00:00Z,precip_accum,96
TRTL1,TANGIPAHOA RIVER NEAR TICKFAW,LA,30.6025,-90.43889,106,America/Chicago,0.0,2026-04-17T12:00:00Z,2026-04-18T12:00:00Z,precip_accum,96
TS947,SELA PORTABLE,LA,30.109,-89.85783,2,America/Chicago,0.0,2026-04-17T11:34:00Z,2026-04-18T11:34:00Z,precip_accum,24
TS982,LA-DRR PORT 1,LA,32.60699,-92.04429,2,America/Chicago,0.0,2026-04-17T11:54:00Z,2026-04-18T11:54:00Z,precip_accum,24
VRIL1,VERMILLION RIVER N. OF I-10 AT LAFAYETTE,LA,30.27167,-91.98389,106,America/Chicago,0.0,2026-04-17T12:00:00Z,2026-04-18T12:00:00Z,precip_accum,84
VRLL1,VERMILION RIVER NEAR LAFAYETTE,LA,30.21917,-91.95583,106,America/Chicago,0.0,2026-04-17T12:00:00Z,2026-04-18T12:00:00Z,precip_accum,96
VRWL1,VERMILION RIVER AT WOODLAWN,LA,30.06111,-92.07889,106,America/Chicago,0.0,2026-04-17T12:00:00Z,2026-04-18T12:00:00Z,precip_accum,96
WBHL1,WHITE BAYOU AT HIGHWAY 64 NEAR ZACHARY 2SE,LA,30.63611,-91.12722,106,America/Chicago,0.0,2026-04-17T12:00:00Z,2026-04-18T12:00:00Z,precip_accum,96
WCEL1,WARD CREEK AT ESSEN LANE NEAR INNISWOLD 1NW,LA,30.40472,-91.10333,106,America/Chicago,0.0,2026-04-17T12:00:00Z,2026-04-18T12:00:00Z,precip_accum,96
WGPL1,WELSH GULLY NEAR PRAIRIEVILLE 2NNE,LA,30.33667,-90.96889,106,America/Chicago,0.0,2026-04-17T12:00:00Z,2026-04-18T12:00:00Z,precip_accum,96
ZAYL1,COMITE RIVER NEAR ZACHARY 4SE,LA,30.64306,-91.09444,106,America/Chicago,0.0,2026-04-17T12:00:00Z,2026-04-18T12:00:00Z,precip_accum,96
AESM6,Agricola,MS,30.817,-88.5205,3011,America/Chicago,0.0,2026-04-17T12:00:00Z,2026-04-18T12:00:00Z,precip_accum_one_minute,1440
AU084,N5PA Ellisville,MS,31.62283,-89.23383,65,America/Chicago,0.0,2026-04-17T12:00:00Z,2026-04-18T12:00:00Z,precip_accum_since_local_midnight,288
AU216,W5XN Carriere,MS,30.63867,-89.70283,65,America/Chicago,0.0,2026-04-17T11:58:00Z,2026-04-18T11:58:00Z,precip_accum_since_local_midnight,285
AV042,N5PA-2 Meadville,MS,31.587,-90.89833,65,America/Chicago,0.0,2026-04-17T12:00:00Z,2026-04-18T12:00:00Z,precip_accum_since_local_midnight,229
AW815,AI5BL WAYNESSBORO,MS,31.61517,-88.8275,65,America/Chicago,0.0,2026-04-17T12:02:00Z,2026-04-18T12:01:00Z,precip_accum_since_local_midnight,285
BCCM6,BOGUE CHITTO,MS,30.66194,-89.79556,2,America/Chicago,0.0,2026-04-17T12:12:00Z,2026-04-18T12:12:00Z,precip_accum,24
BDEM6,BUDE,MS,31.41056,-90.84667,2,America/Chicago,0.0,2026-04-17T12:05:00Z,2026-04-18T12:05:00Z,precip_accum,24
BKNM6,BLACK CREEK NEAR BROOKLYN 1SW,MS,31.05194,-89.20417,106,America/Chicago,0.0,2026-04-17T12:00:00Z,2026-04-18T11:45:00Z,precip_accum,86
BLCM6,BLACK CREEK,MS,30.84893,-89.03392,2,America/Chicago,0.0,2026-04-17T12:00:00Z,2026-04-18T12:00:00Z,precip_accum,24
BOVM6,BIG BLACK RIVER NEAR BOVINA 2E,MS,32.34778,-90.69694,106,America/Chicago,0.0,2026-04-17T12:00:00Z,2026-04-18T12:00:00Z,precip_accum,96
BTAM6,BIG BLACK RIVER NEAR BENTONIA 3S,MS,32.60306,-90.36389,106,America/Chicago,0.0,2026-04-17T12:00:00Z,2026-04-18T12:00:00Z,precip_accum,24
CBOM6,COFFEE BOGUE AT LUDLOW,MS,32.57389,-89.72972,106,America/Chicago,0.0,2026-04-17T12:00:00Z,2026-04-18T12:00:00Z,precip_accum,74
CEPM6,Pascagoula,MS,30.3597,-88.5212,3011,America/Chicago,0.0,2026-04-17T12:00:00Z,2026-04-18T12:00:00Z,precip_accum_one_minute,1440
CKWM6,CAMP KELLER,MS,30.52423,-88.98203,2,America/Chicago,0.0,2026-04-17T12:00:00Z,2026-04-18T12:00:00Z,precip_accum,24
CKYM6,CHUNKY RIVER NEAR CHUNKY 1E,MS,32.32611,-88.90917,106,America/Chicago,0.0,2026-04-17T12:00:00Z,2026-04-18T12:00:00Z,precip_accum,96
CNHM6,RAIN GAUGE NR CONEHATTA,MS,32.45611,-89.26944,106,America/Chicago,0.0,2026-04-17T12:00:00Z,2026-04-18T12:00:00Z,precip_accum,96
COOPCLLM6,COLLINSVILLE 7 SE,MS,32.4199,-88.7602,77,America/Chicago,0.0,2026-04-17T12:00:00Z,2026-04-18T12:00:00Z,precip_accum_24_hour,1
COOPGLOM6,GLOSTER,MS,31.1699,-91.0259,77,America/Chicago,0.0,2026-04-17T12:00:00Z,2026-04-18T12:00:00Z,precip_accum_24_hour,1
COOPWIGM6,WIGGINS,MS,30.8713,-89.1215,74,America/Chicago,0.0,2026-04-17T12:00:00Z,2026-04-18T12:00:00Z,precip_accum_24_hour,1
CYSM6,COPIAH,MS,31.94972,-90.38056,2,America/Chicago,0.0,2026-04-17T12:09:00Z,2026-04-18T12:09:00Z,precip_accum,24
D5633,DW5633 Richland,MS,32.21833,-90.16267,65,America/Chicago,0.0,2026-04-17T12:01:00Z,2026-04-18T12:00:00Z,precip_accum_since_local_midnight,96
DAMM6,DAMASCUS 1S,MS,32.64194,-88.82,106,America/Chicago,0.0,2026-04-17T12:00:00Z,2026-04-18T11:45:00Z,precip_accum,86
DIBM6,TCHOUTACABOUFFA RIVER NEAR DIBERVILLE 3N,MS,30.47583,-88.89333,106,America/Chicago,0.0,2026-04-17T12:00:00Z,2026-04-18T12:00:00Z,precip_accum,96
E1604,EW1604 GAUTIER,MS,30.4595,-88.6475,65,America/Chicago,0.0,2026-04-17T12:00:00Z,2026-04-18T12:00:00Z,precip_accum_since_local_midnight,96
E2701,EW2701 Gulfport,MS,30.496,-89.07517,65,America/Chicago,0.0,2026-04-17T12:00:00Z,2026-04-18T12:00:00Z,precip_accum_since_local_midnight,96
E5980,EW5980 Jackson,MS,32.3225,-90.1603,65,America/Chicago,0.0,2026-04-17T12:00:00Z,2026-04-18T12:00:00Z,precip_accum_since_local_midnight,96
EDDM6,HOMOCHITTO RIVER AT EDDICETON,MS,31.50306,-90.7775,106,America/Chicago,0.0,2026-04-17T12:00:00Z,2026-04-18T12:00:00Z,precip_accum,96
ENSM6,CHICKASAWHAY RIVER AT ENTERPRISE,MS,32.17583,-88.81972,106,America/Chicago,0.0,2026-04-17T12:00:00Z,2026-04-18T12:00:00Z,precip_accum,96
F0278,FW0278 Summit,MS,31.2665,-90.52733,65,America/Chicago,0.0,2026-04-17T12:00:00Z,2026-04-18T12:00:00Z,precip_accum_since_local_midnight,97
F6464,FW6464 Long Beach,MS,30.36467,-89.18633,65,America/Chicago,0.0,2026-04-17T12:00:00Z,2026-04-18T12:00:00Z,precip_accum_since_local_midnight,96
F7820,FW7820 Hattiesburg,MS,31.32883,-89.441,65,America/Chicago,0.0,2026-04-17T11:59:00Z,2026-04-18T11:59:00Z,precip_accum_since_local_midnight,285
F9957,FW9957 Flowood,MS,32.34533,-90.05583,65,America/Chicago,0.0,2026-04-17T12:02:00Z,2026-04-18T12:02:00Z,precip_accum_since_local_midnight,285
FNGM6,FANNEGUSHA CREEK NEAR SAND HILL,MS,32.50556,-89.81306,106,America/Chicago,0.0,2026-04-17T12:00:00Z,2026-04-18T12:00:00Z,precip_accum,96
FRGM6,RAGLAND HILLS,MS,31.2042,-89.17833,2,America/Chicago,0.0,2026-04-17T12:00:00Z,2026-04-18T12:00:00Z,precip_accum,24
FSTM6,BIENVILLE,MS,32.315,-89.48944,2,America/Chicago,0.0,2026-04-17T11:31:00Z,2026-04-18T11:31:00Z,precip_accum,24
G0149,GW0149 Goshen Springs,MS,32.48417,-89.91983,65,America/Chicago,0.0,2026-04-17T12:01:00Z,2026-04-18T12:02:00Z,precip_accum_since_local_midnight,285
G0554,GW0554 Perkinston,MS,30.7385,-89.12817,65,America/Chicago,0.0,2026-04-17T11:58:00Z,2026-04-18T11:58:00Z,precip_accum_since_local_midnight,285
G1824,KD1DRM POPLARVILLE,MS,30.85,-89.52,65,America/Chicago,0.0,2026-04-17T12:00:00Z,2026-04-18T12:00:00Z,precip_accum_since_local_midnight,96
G1927,GW1927 SAND HILL,MS,31.349,-88.76167,65,America/Chicago,0.0,2026-04-17T12:01:00Z,2026-04-18T12:01:00Z,precip_accum_since_local_midnight,96
G2297,GW2297 LUCEDALE,MS,30.923,-88.58983,65,America/Chicago,0.0,2026-04-17T12:00:00Z,2026-04-18T12:00:00Z,precip_accum_since_local_midnight,96
G3222,GW3222 Waynesboro,MS,31.67737,-88.67066,65,America/Chicago,0.0,2026-04-17T12:00:00Z,2026-04-18T12:00:00Z,precip_accum_since_local_midnight,96
G3439,GW3439 CARRIERE,MS,30.61683,-89.56067,65,America/Chicago,0.0,2026-04-17T12:00:00Z,2026-04-18T12:00:00Z,precip_accum_since_local_midnight,288
G3649,GW3649 TAYLORSVILLE,MS,31.80634,-89.42982,65,America/Chicago,0.0,2026-04-17T12:00:00Z,2026-04-18T12:00:00Z,precip_accum_since_local_midnight,288
G3750,GW3750 PURVIS,MS,31.20917,-89.3655,65,America/Chicago,0.0,2026-04-17T12:00:00Z,2026-04-18T12:00:00Z,precip_accum_since_local_midnight,288
G5434,GW5434 EASTABUCHIE,MS,31.4525,-89.28433,65,America/Chicago,0.0,2026-04-17T12:00:00Z,2026-04-18T12:00:00Z,precip_accum_since_local_midnight,96
G6243,GW6243 PETAL,MS,31.3515,-89.20467,65,America/Chicago,0.0,2026-04-17T12:00:00Z,2026-04-18T12:00:00Z,precip_accum_since_local_midnight,96
G6636,GW6636 FLOWOOD,MS,32.34533,-90.05583,65,America/Chicago,0.0,2026-04-17T12:02:00Z,2026-04-18T12:02:00Z,precip_accum_since_local_midnight,287
GDHM6,PEARL RIVER NEAR LENA 6NW,MS,32.66722,-89.64611,106,America/Chicago,0.0,2026-04-17T12:00:00Z,2026-04-18T12:00:00Z,precip_accum,96
GDXM6,NERRS METEOROLOGICAL SITE AT GRAND BAY NEAR MOSS POINT 8SE,MS,30.35722,-88.41889,188,America/Chicago,0.0,2026-04-17T12:00:00Z,2026-04-18T12:00:00Z,precip_accum_one_hour,24
GLFM6,WOLF RIVER AT BELLE FERRY ROAD NEAR GULFPORT 7WNW,MS,30.39333,-89.20639,106,America/Chicago,0.0,2026-04-17T12:00:00Z,2026-04-18T12:00:00Z,precip_accum,96
GRBM6,GRAND BAY,MS,30.43833,-88.42556,2,America/Chicago,0.0,2026-04-17T11:50:00Z,2026-04-18T11:50:00Z,precip_accum,23
HATM6,LEAF RIVER AT HATTIESBURG,MS,31.34306,-89.28028,106,America/Chicago,0.0,2026-04-17T12:00:00Z,2026-04-18T12:00:00Z,precip_accum,96
HBGM6,BOUIE CREEK NEAR HATTIESBURG 10NW,MS,31.42583,-89.41472,106,America/Chicago,0.0,2026-04-17T12:00:00Z,2026-04-18T12:00:00Z,precip_accum_one_hour,24
JBRM6,BELHAVEN CREEK AT RIVERSIDE DRIVE AT JACKSON,MS,32.32333,-90.17167,106,America/Chicago,0.0,2026-04-17T12:00:00Z,2026-04-18T12:00:00Z,precip_accum,78
JNCM6,CYPRESS CREEK NEAR JANICE NEAR BEAUMONT 10 WSW,MS,31.02528,-89.01667,106,America/Chicago,0.0,2026-04-17T12:00:00Z,2026-04-18T12:00:00Z,precip_accum,96
JSNM6,PEARL RIVER AT ROSS BARNETT DAM NEAR JACKSON 10NW,MS,32.39778,-90.06472,106,America/Chicago,0.0,2026-04-17T12:00:00Z,2026-04-18T12:00:00Z,precip_accum,77
K0R0,Columbia-Marion County Airport,MS,31.297,-89.8128,1,America/Chicago,0.0,2026-04-17T11:55:00Z,2026-04-18T11:55:00Z,precip_accum_one_hour,72
K1R7,Brookhaven-Lincoln County Airport,MS,31.6058,-90.4093,1,America/Chicago,0.0,2026-04-17T11:55:00Z,2026-04-18T11:55:00Z,precip_accum_one_hour,72
KBIX,Keesler Air Force Base / Biloxi,MS,30.41667,-88.91667,1,America/Chicago,0.0,2026-04-17T11:55:00Z,2026-04-18T11:55:00Z,precip_accum_one_hour,23
KGPT,Gulfport - Gulfport-Biloxi International Airport,MS,30.41194,-89.08083,1,America/Chicago,0.0,2026-04-17T11:53:00Z,2026-04-18T11:53:00Z,precip_accum_one_hour,24
KHBG,"Hattiesburg, Bobby L Chain Municipal Airport",MS,31.26945,-89.25613,1,America/Chicago,0.0,2026-04-17T12:05:00Z,2026-04-18T11:53:00Z,precip_accum_one_hour,29
KHEZ,"Natchez, Hardy-Anders Field Natchez-Adams County Airport",MS,31.61593,-91.29724,1,America/Chicago,0.0,2026-04-17T11:56:00Z,2026-04-18T11:56:00Z,precip_accum_one_hour,29
KHKS,"Jackson, Hawkins Field Airport",MS,32.33472,-90.2225,1,America/Chicago,0.0,2026-04-17T11:53:00Z,2026-04-18T11:53:00Z,precip_accum_one_hour,25
KIKT,Nakika Subsea Development Platform,MS,28.5208,-88.2889,1,Etc/GMT+6,0.0,2026-04-17T11:55:00Z,2026-04-18T11:55:00Z,precip_accum_one_hour,72
KJAN,"Jackson, Jackson International Airport",MS,32.31972,-90.0775,1,America/Chicago,0.0,2026-04-17T11:54:00Z,2026-04-18T11:54:00Z,precip_accum_one_hour,18
KLUL,LAUREL/NOBLE FIELD,MS,31.67,-89.17,1,America/Chicago,0.0,2026-04-17T11:55:00Z,2026-04-18T11:55:00Z,precip_accum_one_hour,69
KMBO,Madison Bruce Campbell Field Airport,MS,32.4384,-90.1014,1,America/Chicago,0.0,2026-04-17T11:55:00Z,2026-04-18T11:55:00Z,precip_accum_one_hour,72
KMEI,"Meridian, Key Field",MS,32.33806,-88.74778,1,America/Chicago,0.0,2026-04-17T11:58:00Z,2026-04-18T11:58:00Z,precip_accum_one_hour,28
KMJD,Picayune Municipal Airport,MS,30.48747,-89.65119,1,America/Chicago,0.0,2026-04-17T11:55:00Z,2026-04-18T11:55:00Z,precip_accum_one_hour,70
KNMM,"Meridian, Meridian Naval Air Station - McCain Field",MS,32.55194,-88.55528,1,America/Chicago,0.0,2026-04-17T11:56:00Z,2026-04-18T11:56:00Z,precip_accum_one_hour,24
KPIB,"Hattiesburg/Laurel, Hattiesburg-Laurel Regional Airport",MS,31.46667,-89.33333,1,America/Chicago,0.0,2026-04-17T12:02:00Z,2026-04-18T11:56:00Z,precip_accum_one_hour,29
KPQL,Moss Point - Trent Lott International Airport,MS,30.46305,-88.53155,1,America/Chicago,0.0,2026-04-17T11:53:00Z,2026-04-18T11:53:00Z,precip_accum_one_hour,30
LAUM6,WAUSAU,MS,31.53035,-88.89237,2,America/Chicago,0.0,2026-04-17T11:36:00Z,2026-04-18T11:36:00Z,precip_accum,24
LKKM6,GREENE,MS,31.13694,-88.59972,2,America/Chicago,0.0,2026-04-17T12:14:00Z,2026-04-18T12:14:00Z,precip_accum,24
LSLM6,LITTLE SUNFLOWER FLOODGATE-LANDSIDE NEAR REDWOOD,MS,32.62194,-90.72861,106,America/Chicago,0.0,2026-04-17T12:00:00Z,2026-04-18T12:00:00Z,precip_accum,24
LYMM6,BILOXI RIVER NEAR LYMAN 4ESE,MS,30.48833,-89.03583,106,America/Chicago,0.0,2026-04-17T12:00:00Z,2026-04-18T12:00:00Z,precip_accum,96
MBGM6,MUDDY BAYOU CONTROL STRUCTURE NEAR VICKSBURG 12NNW,MS,32.51389,-90.98333,106,America/Chicago,0.0,2026-04-17T12:00:00Z,2026-04-18T12:00:00Z,precip_accum,24
MPAM6,PIKE,MS,31.18694,-90.47806,2,America/Chicago,0.0,2026-04-17T12:09:00Z,2026-04-18T12:09:00Z,precip_accum,24
MRDM6,OKATIBBEE RESERVOIR NEAR MERIDIAN 10NW,MS,32.47583,-88.81111,106,America/Chicago,0.0,2026-04-17T12:00:00Z,2026-04-18T12:00:00Z,precip_accum,96
MSS10,Brown Loam Exp Stn,MS,32.21022,-90.51228,236,America/Chicago,0.0,2026-04-17T12:00:00Z,2026-04-18T12:00:00Z,precip_accum_fifteen_minute,96
MSS12,Coastal Research and Extension Center,MS,30.44102,-88.94368,236,America/Chicago,0.0,2026-04-17T12:00:00Z,2026-04-18T12:00:00Z,precip_accum_fifteen_minute,96
MSS20,Natchez,MS,31.34067,-91.39999,236,America/Chicago,0.0,2026-04-17T12:00:00Z,2026-04-18T12:00:00Z,precip_accum_fifteen_minute,96
MSS22,Vicksburg,MS,32.42779,-90.82577,236,America/Chicago,0.0,2026-04-17T12:00:00Z,2026-04-18T12:00:00Z,precip_accum_fifteen_minute,96
MSS28,Beaumont,MS,31.23583,-88.92188,236,America/Chicago,0.0,2026-04-17T12:00:00Z,2026-04-18T12:00:00Z,precip_accum_fifteen_minute,96
MSS29,Crystal Springs,MS,31.94462,-90.37442,236,America/Chicago,0.0,2026-04-17T12:00:00Z,2026-04-18T12:00:00Z,precip_accum_fifteen_minute,96
MSS32,Port Gibson,MS,32.0174,-90.78628,236,America/Chicago,0.0,2026-04-17T12:00:00Z,2026-04-18T12:00:00Z,precip_accum_fifteen_minute,96
MSS38,Poplarville,MS,30.83972,-89.54644,236,America/Chicago,0.0,2026-04-17T12:00:00Z,2026-04-18T12:00:00Z,precip_accum_fifteen_minute,96
MSS39,White Sand,MS,30.7966,-89.69016,236,America/Chicago,0.0,2026-04-17T12:00:00Z,2026-04-18T12:00:00Z,precip_accum_fifteen_minute,96
MSS41,Newton,MS,32.33771,-89.08166,236,America/Chicago,0.0,2026-04-17T12:00:00Z,2026-04-18T12:00:00Z,precip_accum_fifteen_minute,96
MSS42,Canton,MS,32.67201,-90.03982,236,America/Chicago,0.0,2026-04-17T12:00:00Z,2026-04-18T12:00:00Z,precip_accum_fifteen_minute,96
MSS44,McNeill,MS,30.65967,-89.63633,236,America/Chicago,0.0,2026-04-17T12:00:00Z,2026-04-18T12:00:00Z,precip_accum_fifteen_minute,96
NAGM6,LEAF RIVER NEAR NEW AUGUSTA 1N,MS,31.22167,-89.05306,106,America/Chicago,0.0,2026-04-17T12:00:00Z,2026-04-18T12:00:00Z,precip_accum,96
NNHM6,HANCOCK,MS,30.45111,-89.45444,2,America/Chicago,0.0,2026-04-17T12:09:00Z,2026-04-18T12:09:00Z,precip_accum,24
NTEM6,USCRN SITE AT COASTAL PLAIN EXPERIMENT STATION NEAR NEWTON 5ENE,MS,32.33778,-89.07056,123,America/Chicago,0.0,2026-04-17T12:00:00Z,2026-04-18T12:00:00Z,precip_accum,24
NTZM6,MISSISSIPPI RIVER NEAR NATCHEZ 2SW,MS,31.54389,-91.43333,106,America/Chicago,0.0,2026-04-17T12:00:00Z,2026-04-18T12:00:00Z,precip_accum,24
OARM6,OKATIBBEE CREEK AT ARUNDEL NEAR MERIDIAN 8SW,MS,32.29833,-88.75361,106,America/Chicago,0.0,2026-04-17T12:00:00Z,2026-04-18T12:00:00Z,precip_accum,96
OKCM6,OKATOMA CREEK AT SANFORD,MS,31.48917,-89.43333,106,America/Chicago,0.0,2026-04-17T12:00:00Z,2026-04-18T12:00:00Z,precip_accum,96
OSYM6,TANGIPAHOA RIVER NEAR OSYKA 1NE,MS,31.01222,-90.46111,106,America/Chicago,0.0,2026-04-17T12:00:00Z,2026-04-18T12:00:00Z,precip_accum,96
PECM6,PELAHATCHIE CREEK AT HWY 25 NEAR FANNIN 3S,MS,32.38806,-89.95528,106,America/Chicago,0.0,2026-04-17T12:00:00Z,2026-04-18T12:00:00Z,precip_accum,96
PELM6,RAIN GAUGE NR PELAHATCHIE,MS,32.32167,-89.74667,106,America/Chicago,0.0,2026-04-17T12:00:00Z,2026-04-18T12:00:00Z,precip_accum,91
RATM6,PEARL RIVER NEAR RATLIFFS FERRY NEAR LUDLOW 7NW,MS,32.59417,-89.84056,106,America/Chicago,0.0,2026-04-17T12:00:00Z,2026-04-18T12:00:00Z,precip_accum,76
RHCM6,COVINGTON,MS,31.74972,-89.51639,2,America/Chicago,0.0,2026-04-17T12:09:00Z,2026-04-18T12:09:00Z,precip_accum,24
RLDM6,LAUDERDALE,MS,32.3675,-88.45667,2,America/Chicago,0.0,2026-04-17T12:13:00Z,2026-04-18T12:13:00Z,precip_accum,24
RMAM6,MARION,MS,31.21139,-89.9225,2,America/Chicago,0.0,2026-04-17T12:09:00Z,2026-04-18T12:09:00Z,precip_accum,24
RSAM6,HOMOCHITTO RIVER AT ROSETTA,MS,31.32472,-91.10944,106,America/Chicago,0.0,2026-04-17T12:00:00Z,2026-04-18T12:00:00Z,precip_accum,96
SBSM6,STEELE BAYOU STRUCTURE (LANDSIDE/RIVERSIDE) NEAR VICKSBURG 8N,MS,32.45222,-90.89028,106,America/Chicago,0.0,2026-04-17T12:00:00Z,2026-04-18T12:00:00Z,precip_accum,24
SHCM6,MS SANDHILL CRANE - FTS,MS,30.45278,-88.66167,2,America/Chicago,0.0,2026-04-17T11:51:00Z,2026-04-18T11:51:00Z,precip_accum,24
TFBM6,TNC FORT BAYOU,MS,30.4712,-88.74162,29,America/Chicago,0.0,2026-04-17T12:00:00Z,2026-04-18T12:00:00Z,precip_accum_one_hour,24
USA19,Leaksville,MS,31.1765,-88.6001,3011,America/Chicago,0.0,2026-04-17T12:00:00Z,2026-04-18T12:00:00Z,precip_accum_one_minute,1440
WOOM6,BUFFALO RIVER NEAR WOODVILLE 8N,MS,31.22694,-91.29556,106,America/Chicago,0.0,2026-04-17T12:00:00Z,2026-04-18T12:00:00Z,precip_accum,96
WPGM6,WEST PASCAGOULA RIVER AT HIGHWAY 90 AT GAUTIER,MS,30.38278,-88.60889,106,America/Chicago,0.0,2026-04-17T12:00:00Z,2026-04-18T12:00:00Z,precip_accum,91
WTGM6,TUSCOLAMETA CREEK AT WALNUT GROVE,MS,32.58833,-89.465,106,America/Chicago,0.0,2026-04-17T12:00:00Z,2026-04-18T12:00:00Z,precip_accum,96
SSTRN,Perdido Bay,,30.41397,-87.37181,248,America/Chicago,0.0,2026-04-17T11:59:00Z,2026-04-18T11:59:00Z,precip_accum_since_local_midnight,287
